in	O
a	O
way	O
,	O
halloween	B-OBJ
is	O
even	O
better	O
than	O
thanksgiving	B-OBJ
(	O
my	O
absolute	O
favorite	O
holiday	O
)	O
because	O
thanksgiving	B-OBJ
divides	O
us	O
into	O
separate	O
households	O
,	O
while	O
halloween	B-OBJ
unites	O
us	O
into	O
bands	O
of	O
candy	B-ASPECT
bandits	O
.	O

well	O
,	O
in	O
a	O
few	O
shorts	O
weeks	O
it	O
will	O
be	O
halloween	B-OBJ
(	O
armed	O
with	O
a	O
candy	B-ASPECT
ration	O
far	O
greater	O
than	O
the	O
amount	O
handed	O
out	O
,	O
then	O
thanksgiving	B-OBJ
(	O
feast	O
!	O
)	O

dare	O
i	O
also	O
say	O
that	O
learning	O
objective	B-OBJ
-	I-OBJ
c	I-OBJ
may	O
be	O
a	O
tad	O
easier	O
than	O
swift	B-OBJ
,	O
only	O
because	O
objective	B-OBJ
-	I-OBJ
c	I-OBJ
does	O
not	O
contain	O
some	O
of	O
the	O
more	O
advanced	O
features	O
as	O
swift	B-OBJ
such	O
as	O
functional	O
patterns	B-ASPECT
,	O
generics	O
,	O
and	O
advanced	O
enumeration	O
and	O
collection	O
features	O
.	O

when	O
we	O
started	O
we	O
basically	O
followed	O
the	O
same	O
patterns	B-ASPECT
we	O
used	O
in	O
objective	B-OBJ
-	I-OBJ
c	I-OBJ
,	O
but	O
over	O
time	O
we	O
'	O
ve	O
learned	O
to	O
embrace	O
swift	B-OBJ
'	O
s	O
features	O
and	O
follow	O
patterns	B-ASPECT
unique	O
to	O
swift	B-OBJ
.	O

i	O
'	O
ve	O
never	O
written	O
anything	O
in	O
the	O
ios	O
ecosystem	O
so	O
i	O
spent	O
about	O
a	O
week	O
to	O
research	O
before	O
digging	O
in	O
.	O
the	O
transition	O
was	O
smooth	O
primarily	O
because	O
i	O
'	O
m	O
using	O
swift	B-OBJ
--	O
a	O
much	O
more	O
succinct	O
and	O
modern	O
language	O
than	O
objective	B-OBJ
-	I-OBJ
c	I-OBJ
--	O
and	O
my	O
somewhat	O
dated	O
android	O
experience	O
and	O
very	O
dated	O
windows	O
dev	O
experience	O
provided	O
me	O
with	O
all	O
of	O
the	O
patterns	B-ASPECT
i	O
needed	O
to	O
understand	O
ios	O
.	O

so	O
even	O
if	O
virginia	B-OBJ
was	O
a	O
better	O
candidate	O
for	O
tier	O
1	O
than	O
michigan	B-OBJ
because	O
of	O
its	O
size	B-ASPECT
,	O
michigan	B-OBJ
is	O
probably	O
the	O
other	O
public	O
law	O
school	O
in	O
this	O
tier	O
.	O

likewise	O
,	O
michigan	B-OBJ
has	O
seven	O
centers	O
to	O
serve	O
10	O
million	O
people	O
and	O
is	O
more	O
than	O
twice	O
the	O
geographic	O
size	B-ASPECT
of	O
west	O
virginia	B-OBJ
.	O

"	O
he	O
added	O
that	O
the	O
original	O
boundaries	O
would	O
make	O
the	O
state	O
about	O
equal	O
to	O
michigan	B-OBJ
in	O
size	B-ASPECT
,	O
and	O
somewhat	O
smaller	O
than	O
missouri	O
or	O
virginia	B-OBJ
.	O

brown	O
is	O
5	O
,	O
virginia	B-OBJ
5	O
,	O
cornell	O
4	O
,	O
and	O
so	O
on	O
(	O
there	O
are	O
others	O
that	O
size	B-ASPECT
too	O
)	O
but	O
16	O
is	O
actually	O
starting	O
to	O
move	O
toward	O
"	O
mid	O
-	O
size	B-ASPECT
,"	O
like	O
michigan	B-OBJ
(	O
12	O
)	O
and	O
massachusetts	O
(	O
10	O
).	O

the	O
virginia	B-OBJ
native	O
ranked	O
as	O
the	O
no	O
.	O
26	O
overall	O
prospect	O
in	O
the	O
2013	O
athlon	O
consensus	O
100	O
and	O
has	O
the	O
size	B-ASPECT
and	O
skill	O
set	O
necessary	O
to	O
be	O
an	O
every	O
-	O
down	O
back	O
for	O
michigan	B-OBJ
.	O

espn	B-OBJ
is	O
far	O
superior	O
to	O
fox	B-OBJ
,	O
if	O
only	O
because	O
of	O
all	O
the	O
talent	B-ASPECT
,	O
resources	B-ASPECT
and	O
access	B-ASPECT
a	O
company	O
like	O
espn	B-OBJ
can	O
get	O
.	O

your	O
overall	O
premise	O
is	O
correct	O
...	O
not	O
just	O
for	O
the	O
talent	B-ASPECT
but	O
the	O
overall	O
production	O
of	O
these	O
games	O
on	O
fox	B-OBJ
has	O
been	O
inferior	O
to	O
what	O
espn	B-OBJ
/	O
abc	O
/	O
cbs	O
do	O
on	O
a	O
regular	O
basis	O
.	O

if	O
espn	B-OBJ
is	O
never	O
done	O
adding	O
and	O
tweaking	O
their	O
talent	B-ASPECT
,	O
then	O
obviously	O
fox	B-OBJ
will	O
be	O
almost	O
equally	O
as	O
active	O
.	O

it	O
'	O
ll	O
run	O
fox	B-OBJ
football	O
daily	O
weekdays	O
at	O
6	O
p	O
.	O
m	O
.,	O
which	O
will	O
feature	O
nfl	O
on	O
fox	B-OBJ
talent	B-ASPECT
,	O
including	O
terry	O
bradshaw	O
,	O
howie	O
long	O
and	O
former	O
espn	B-OBJ
reporter	O
erin	O
andrews	O
.	O

fox	B-OBJ
continues	O
to	O
slowly	O
improve	O
their	O
champions	O
league	O
coverage	O
,	O
even	O
though	O
they	O
still	O
import	O
world	O
feeds	O
instead	O
of	O
supplying	O
their	O
own	O
broadcast	O
talent	B-ASPECT
like	O
espn	B-OBJ
.	O

@	O
aaron	O
....	O
i	O
fully	O
agree	O
fox	B-OBJ
has	O
more	O
than	O
enough	O
resources	B-ASPECT
to	O
broadcast	O
the	O
matches	O
espn	B-OBJ
/	O
abc	O
-	O
esque	O
through	O
fx	O
/	O
fsw	O
/	O
local	O
-	O
fox	B-OBJ
+	O
making	O
their	O
own	O
version	O
of	O
espn360	O
free	O
.	O

but	O
while	O
fox	B-OBJ
may	O
start	O
a	O
long	O
ways	O
behind	O
espn	B-OBJ
,	O
they	O
have	O
the	O
resources	B-ASPECT
to	O
commit	O
to	O
an	O
all	O
sports	O
cable	O
channel	O
other	O
networks	O
don	O
'	O
t	O
right	O
now	O
.	O

the	O
bad	O
news	O
is	O
that	O
fox	B-OBJ
is	O
still	O
not	O
seeing	O
a	O
lot	O
of	O
momentum	O
on	O
the	O
ratings	O
front	O
for	O
original	O
programming	O
and	O
resources	B-ASPECT
aren	O
'	O
t	O
as	O
abundant	O
than	O
at	O
espn	B-OBJ
.	O

i	O
'	O
ll	O
take	O
the	O
tnt	O
,	O
espn	B-OBJ
,	O
abc	O
issues	O
as	O
it	O
is	O
better	O
than	O
listening	O
to	O
the	O
circus	O
attitude	B-ASPECT
fox	B-OBJ
gives	O
us	O
.	O

thankfully	O
,	O
petty	O
does	O
not	O
have	O
the	O
"	O
fox	B-OBJ
sports	O
attitude	B-ASPECT
"	O
and	O
his	O
wardrobe	O
does	O
not	O
contain	O
enough	O
neckties	O
to	O
get	O
him	O
through	O
even	O
one	O
nascar	O
on	O
espn	B-OBJ
weekend	O
.	O

when	O
it	O
comes	O
to	O
watching	O
football	O
and	O
basketball	O
,	O
fox	B-OBJ
sports	B-ASPECT
is	O
superior	O
to	O
espn	B-OBJ
in	O
nearly	O
every	O
single	O
way	O
.	O

over	O
the	O
weekend	O
fox	B-OBJ
sports	B-ASPECT
oklahoma	O
did	O
something	O
smarter	O
than	O
what	O
espn	B-OBJ
has	O
been	O
doing	O
lately	O
.	O

in	O
fact	O
all	O
of	O
fox	B-OBJ
sports	B-ASPECT
radio	O
is	O
better	O
than	O
espn	B-OBJ
radio	O
.	O

i	O
really	O
like	O
the	O
coverage	O
on	O
fox	B-OBJ
sports	B-ASPECT
its	O
much	O
better	O
than	O
on	O
espn	B-OBJ
.	O

those	O
are	O
brutal	O
start	O
times	O
for	O
fox	B-OBJ
sports	B-ASPECT
,	O
and	O
there	O
is	O
little	O
chance	O
fox	B-OBJ
will	O
average	O
better	O
viewership	O
numbers	O
than	O
espn	B-OBJ
.	O

lol	O
fox	B-OBJ
gets	O
better	O
ratings	B-ASPECT
than	O
cnn	B-OBJ
.	O

fox	B-OBJ
has	O
better	O
ratings	B-ASPECT
than	O
cnn	B-OBJ
and	O
msnbc	O
combined	O
.	O

based	O
on	O
its	O
success	O
and	O
ratings	B-ASPECT
,	O
fox	B-OBJ
news	O
is	O
clearly	O
superior	O
to	O
cnn	B-OBJ
and	O
msnbc	O
in	O
objective	O
,	O
hard	O
-	O
nose	O
reporting	O
.	O

does	O
anybody	O
wonder	O
why	O
fox	B-OBJ
news	O
has	O
much	O
better	O
ratings	B-ASPECT
than	O
cnn	B-OBJ
.	O

nothing	O
,	O
really	O
,	O
considering	O
that	O
fox	B-OBJ
news	O
still	O
effectively	O
dominates	O
the	O
ratings	B-ASPECT
,	O
with	O
better	O
numbers	O
than	O
msnbc	O
and	O
cnn	B-OBJ
combined	O
.	O

better	O
yet	O
,	O
use	O
postgresql	B-OBJ
(	O
it	O
now	O
has	O
better	O
row	O
locking	O
and	O
better	O
performance	B-ASPECT
than	O
oracle	B-OBJ
on	O
single	O
processor	O
machines	O
).	O

i	O
have	O
this	O
silly	O
idea	O
that	O
postgresql	B-OBJ
could	O
one	O
day	O
be	O
better	O
than	O
oracle	B-OBJ
(	O
in	O
terms	O
of	O
features	O
and	O
performance	B-ASPECT
-	O
postgresql	B-OBJ
already	O
beats	O
oracle	B-OBJ
on	O
cost	O
:-)	O
).	O

berkus	O
said	O
the	O
fact	O
that	O
postgresql	B-OBJ
8	O
.	O
2	O
performance	B-ASPECT
is	O
at	O
the	O
same	O
level	O
,	O
or	O
better	O
than	O
oracle	B-OBJ
,	O
ibm	O
db2	O
or	O
microsoft	O
sql	O
server	O
means	O
that	O
more	O
companies	O
will	O
now	O
be	O
open	O
to	O
using	O
postgresql	B-OBJ
.	O

it	O
delivers	O
oracle	B-OBJ
compatibility	O
as	O
well	O
as	O
performance	B-ASPECT
enhancements	O
over	O
postgresql	B-OBJ
.	O

postgresql	B-OBJ
also	O
brings	O
some	O
performance	B-ASPECT
benefits	O
over	O
the	O
embedded	O
oracle	B-OBJ
database	O
as	O
delivered	O
with	O
5	O
.	O
5	O
and	O
earlier	O
.	O

for	O
the	O
database	O
we	O
use	O
postgresql	B-OBJ
,	O
because	O
we	O
have	O
quite	O
sensitive	O
data	O
and	O
we	O
rely	O
on	O
transactions	B-ASPECT
a	O
lot	O
,	O
and	O
when	O
it	O
comes	O
to	O
transactions	B-ASPECT
postgresql	B-OBJ
is	O
just	O
better	O
at	O
that	O
stuff	O
(	O
arguably	O
,	O
of	O
course	O
)	O
than	O
mysql	B-OBJ
is	O
.	O

and	O
btw	O
,	O
people	O
who	O
need	O
transactions	B-ASPECT
and	O
advanced	O
features	O
tend	O
to	O
use	O
postgresql	B-OBJ
instead	O
of	O
mysql	B-OBJ
+	O
innodb	O
...	O
.	O

it	O
'	O
s	O
possible	O
to	O
take	O
advantage	O
of	O
both	O
systems	O
by	O
using	O
mysql	B-OBJ
to	O
record	O
transactions	B-ASPECT
,	O
then	O
consolidating	O
data	O
from	O
multiple	O
mysql	B-OBJ
-	O
based	O
applications	O
into	O
postgresql	B-OBJ
while	O
checking	O
for	O
inconsistencies	O
.	O

hope	O
mysql	B-OBJ
performs	O
well	O
,	O
performance	B-ASPECT
is	O
much	O
better	O
than	O
oracle	B-OBJ
.	O

when	O
i	O
was	O
working	O
on	O
mysql	B-OBJ
i	O
felt	O
its	O
performance	B-ASPECT
is	O
always	O
better	O
than	O
sql	O
server	O
and	O
oracle	B-OBJ
.	O

creating	O
a	O
database	O
in	O
mysql	B-OBJ
is	O
just	O
create	O
database	O
xy	O
,	O
giving	O
you	O
a	O
much	O
better	O
performance	B-ASPECT
than	O
oracle	B-OBJ
.	O

percona	O
server	O
5	O
.	O
6	O
is	O
also	O
more	O
up	O
-	O
to	O
-	O
date	O
than	O
mysql	B-OBJ
5	O
.	O
6	O
because	O
percona	O
typically	O
pushes	O
out	O
bug	O
fixes	O
and	O
performance	B-ASPECT
enhancements	O
faster	O
than	O
oracle	B-OBJ
.	O

percona	O
'	O
s	O
stated	O
open	O
secret	O
to	O
remaining	O
more	O
advanced	O
and	O
current	O
than	O
the	O
latest	O
release	O
of	O
mysql	B-OBJ
,	O
yet	O
being	O
drop	O
-	O
in	O
-	O
compatible	O
,	O
is	O
its	O
penchant	O
for	O
pushing	O
out	O
bug	O
fixes	O
and	O
performance	B-ASPECT
enhancements	O
faster	O
than	O
oracle	B-OBJ
.	O

after	O
playing	O
around	O
on	O
several	O
occasions	O
with	O
a	O
bread	B-OBJ
machine	O
,	O
i	O
concluded	O
that	O
a	O
bread	B-OBJ
machine	O
does	O
a	O
better	O
job	O
at	O
making	O
bread	B-OBJ
dough	O
than	O
pizza	B-OBJ
dough	O
because	O
of	O
the	O
programmed	O
heat	O
/	O
knead	O
cycle	O
,	O
which	O
is	O
more	O
attuned	O
to	O
bread	B-OBJ
dough	O
production	B-ASPECT
.	O

also	O
,	O
the	O
balance	O
between	O
gas	O
production	B-ASPECT
and	O
gas	O
retention	O
is	O
arguably	O
more	O
important	O
to	O
bread	B-OBJ
production	B-ASPECT
than	O
pizza	B-OBJ
dough	O
production	B-ASPECT
because	O
you	O
want	O
a	O
dough	O
with	O
good	O
volume	O
and	O
forming	O
and	O
shaping	O
characteristics	O
so	O
that	O
the	O
finished	O
bread	B-OBJ
is	O
of	O
good	O
shape	O
and	O
volume	O
.	O

yes	O
,	O
it	O
does	O
still	O
reduce	O
the	O
dough	O
mixing	O
time	O
but	O
in	O
pizza	B-OBJ
production	B-ASPECT
the	O
doughs	O
are	O
significantly	O
undermixed	O
so	O
reduction	O
of	O
mixing	O
time	O
is	O
not	O
as	O
important	O
as	O
it	O
is	O
in	O
bread	B-OBJ
production	B-ASPECT
.	O

to	O
my	O
way	O
of	O
thinking	O
,	O
ash	O
content	O
is	O
more	O
important	O
in	O
flour	O
that	O
will	O
be	O
used	O
for	O
white	O
bread	B-OBJ
production	B-ASPECT
than	O
in	O
pizza	B-OBJ
production	B-ASPECT
(	O
taking	O
into	O
account	O
only	O
the	O
impact	O
on	O
crumb	O
color	O
).	O

the	O
jump	O
to	O
pizza	B-OBJ
came	O
with	O
the	O
food	O
'	O
s	O
increase	O
in	O
popularity	O
as	O
more	O
southern	O
italians	O
entered	O
the	O
usa	O
,	O
but	O
the	O
ovens	O
remained	O
outfitted	O
for	O
bread	B-OBJ
production	B-ASPECT
.	O

tomato	O
sauce	O
on	O
grains	O
or	O
pasta	B-OBJ
would	O
be	O
better	O
than	O
pizza	B-OBJ
,	O
however	O
,	O
because	O
cheese	O
can	O
carry	O
a	O
lot	O
of	O
fat	B-ASPECT
.	O

sony	B-OBJ
offers	O
multiple	O
apps	O
as	O
well	O
as	O
features	O
like	O
highest	O
quality	O
camera	O
,	O
waterproof	O
body	O
,	O
sony	B-OBJ
music	O
jive	O
,	O
sony	B-OBJ
select	O
,	O
google	B-OBJ
play	O
store	O
,	O
xperia	O
lounge	O
,	O
sony	B-OBJ
liv	O
,	O
hd	O
display	O
,	O
sharpness	O
filter	O
,	O
durable	O
battery	O
backup	B-ASPECT
,	O
quad	O
core	O
processors	O
and	O
outstanding	O
graphics	O
.	O

balderston	O
argued	O
that	O
ibm	B-OBJ
is	O
well	O
positioned	O
to	O
take	O
advantage	O
of	O
this	O
period	O
of	O
server	O
history	O
,	O
with	O
its	O
greater	O
linux	O
server	O
share	O
than	O
competitors	O
hp	O
or	O
dell	B-OBJ
,	O
and	O
with	O
more	O
than	O
360	O
middleware	O
products	B-ASPECT
running	O
on	O
linux	O
as	O
well	O
as	O
6	O
,	O
000	O
applications	O
ported	O
to	O
the	O
operating	O
environment	O
.	O

dell	B-OBJ
did	O
not	O
succeed	O
because	O
its	O
products	B-ASPECT
were	O
better	O
than	O
those	O
of	O
competitors	O
ibm	B-OBJ
,	O
compaq	O
,	O
and	O
the	O
like	O
.	O

sony	B-OBJ
does	O
make	O
better	O
platform	O
-	O
exclusive	O
games	B-ASPECT
than	O
microsoft	B-OBJ
.	O

sony	B-OBJ
is	O
better	O
at	O
the	O
game	O
of	O
games	B-ASPECT
than	O
microsoft	B-OBJ
is	O
.	O

@	O
rjejr	O
with	O
the	O
exception	O
of	O
destiny	O
sony	B-OBJ
showed	O
better	O
games	B-ASPECT
than	O
microsoft	B-OBJ
.	O

as	O
well	O
,	O
the	O
catalog	O
of	O
sony	B-OBJ
only	O
games	B-ASPECT
is	O
far	O
better	O
than	O
microsoft	B-OBJ
.	O

sony	B-OBJ
and	O
nintendo	O
are	O
much	O
better	O
at	O
making	O
hardware	O
and	O
games	B-ASPECT
than	O
microsoft	B-OBJ
.	O

sony	B-OBJ
is	O
in	O
a	O
better	O
position	O
than	O
microsoft	B-OBJ
to	O
make	O
something	O
like	O
home	O
work	O
because	O
they	O
are	O
involved	O
in	O
more	O
of	O
the	O
market	O
than	O
microsoft	B-OBJ
(	O
such	O
as	O
movies	O
,	O
music	O
and	O
electronics	B-ASPECT
).	O

he	O
said	O
he	O
doesn	O
'	O
t	O
need	O
those	O
all	O
in	O
one	O
system	O
that	O
xbox	O
had	O
to	O
offer	O
because	O
the	O
ps4	O
also	O
is	O
an	O
all	O
in	O
one	O
system	O
and	O
plus	O
sony	B-OBJ
as	O
a	O
brand	O
is	O
so	O
much	O
better	O
than	O
microsoft	B-OBJ
in	O
terms	O
of	O
electronics	B-ASPECT
.	O

apple	O
is	O
a	O
consumer	O
electronics	B-ASPECT
company	O
more	O
like	O
sony	B-OBJ
than	O
microsoft	B-OBJ
.	O

microsoft	B-OBJ
is	O
a	O
small	O
company	O
compared	O
to	O
the	O
sony	B-OBJ
electronics	B-ASPECT
group	O
ltd	O
.	O

it	O
'	O
s	O
not	O
a	O
question	O
of	O
the	O
ds	B-OBJ
being	O
superior	O
to	O
the	O
psp	B-OBJ
,	O
but	O
the	O
games	B-ASPECT
.	O

the	O
ds	B-OBJ
has	O
many	O
better	O
games	B-ASPECT
than	O
psp	B-OBJ
.	O

keryk	O
ds	B-OBJ
games	B-ASPECT
have	O
been	O
rated	O
waay	O
better	O
then	O
psp	B-OBJ
games	B-ASPECT
.	O

i	O
am	O
very	O
happy	O
with	O
my	O
ds	B-OBJ
and	O
consider	O
it	O
far	O
superior	O
to	O
the	O
psp	B-OBJ
when	O
it	O
comes	O
to	O
games	B-ASPECT
especially	O
!	O

the	O
sheer	O
amount	O
of	O
games	B-ASPECT
being	O
sold	O
for	O
the	O
ds	B-OBJ
is	O
far	O
greater	O
then	O
the	O
psp	B-OBJ
.	O

ds	B-OBJ
sounds	O
better	O
than	O
the	O
psp	B-OBJ
since	O
you	O
mentioned	O
liking	O
the	O
n	O
'	O
s	O
franchises	B-ASPECT
.	O

also	O
,	O
the	O
ds	B-OBJ
has	O
as	O
much	O
new	O
franchises	B-ASPECT
as	O
the	O
psp	B-OBJ
.	O

i	O
prefer	O
any	O
kind	O
of	O
ds	B-OBJ
over	O
the	O
psp	B-OBJ
any	O
day	O
.	O
you	O
can	O
'	O
t	O
find	O
all	O
your	O
favorite	O
nintendo	O
franchises	B-ASPECT
on	O
the	O
psp	B-OBJ
and	O
never	O
will	O
unless	O
you	O
go	O
into	O
emulation	O
.	O
besides	O
the	O
psp	B-OBJ
is	O
big	O
fat	O
and	O
it	O
falls	O
out	O
of	O
my	O
hand	O
a	O
lot	O
easier	O
than	O
the	O
ds	B-OBJ
does	O
.	O

the	O
ds	B-OBJ
is	O
cheaper	O
than	O
the	O
psp	B-OBJ
,	O
hits	O
american	O
shores	O
first	O
and	O
in	O
time	O
for	O
xmas	O
,	O
and	O
will	O
have	O
the	O
usual	O
first	O
-	O
party	O
franchises	B-ASPECT
as	O
killer	O
apps	O
.	O

it	O
'	O
s	O
funny	O
since	O
the	O
psp	B-OBJ
seems	O
far	O
more	O
western	O
-	O
centric	O
compared	O
to	O
the	O
ds	B-OBJ
yet	O
it	O
'	O
s	O
doing	O
better	O
in	O
japan	O
,	O
probably	O
from	O
the	O
sheer	O
number	O
of	O
popular	O
franchises	B-ASPECT
over	O
there	O
which	O
never	O
see	O
the	O
light	O
of	O
day	O
here	O
i	O
'	O
m	O
guessing	O
.	O

psp	B-OBJ
graphics	B-ASPECT
better	O
than	O
ds	B-OBJ
,	O
ds	B-OBJ
sells	O
better	O
.	O

psp	B-OBJ
has	O
better	O
graphics	B-ASPECT
than	O
the	O
ds	B-OBJ
and	O
the	O
ds	B-OBJ
outsold	O
it	O
.	O

but	O
psp	B-OBJ
graphics	B-ASPECT
are	O
far	O
better	O
than	O
ds	B-OBJ
'	O
-	O
by	O
bulldog	O
.	O

the	O
psp	B-OBJ
is	O
much	O
better	O
suited	O
than	O
the	O
ds	B-OBJ
in	O
graphics	B-ASPECT
.	O

he	O
believes	O
the	O
psp	B-OBJ
is	O
better	O
than	O
the	O
ds	B-OBJ
because	O
it	O
has	O
slightly	O
better	O
graphics	B-ASPECT
.	O

even	O
though	O
the	O
ps2	B-OBJ
version	O
drops	O
the	O
multiplayer	O
,	O
the	O
enhanced	O
graphics	O
and	O
(	O
mainly	O
)	O
enhanced	O
controls	B-ASPECT
make	O
the	O
single	O
player	O
experience	O
much	O
better	O
than	O
its	O
psp	B-OBJ
counterpart	O
.	O

i	O
also	O
preferred	O
the	O
psp	B-OBJ
controls	B-ASPECT
to	O
the	O
wii	O
controls	B-ASPECT
,	O
since	O
it	O
was	O
pretty	O
much	O
identical	O
to	O
the	O
original	O
ps2	B-OBJ
release	O
.	O

despite	O
the	O
psp	B-OBJ
having	O
fewer	O
buttons	O
,	O
the	O
controls	B-ASPECT
feel	O
just	O
as	O
solid	O
as	O
they	O
did	O
on	O
the	O
xbox	O
and	O
ps2	B-OBJ
.	O

after	O
reading	O
more	O
reviews	O
,	O
right	O
now	O
the	O
psp	B-OBJ
games	O
look	O
pretty	O
much	O
like	O
watered	O
down	O
ps2	B-OBJ
games	O
,	O
with	O
sloppy	O
controls	B-ASPECT
.	O

it	O
'	O
s	O
one	O
step	O
behind	O
a	O
ps2	B-OBJ
controller	O
(	O
slightly	O
different	O
angles	O
that	O
take	O
some	O
getting	O
used	O
to	O
,	O
but	O
you	O
will	O
),	O
and	O
has	O
excellent	O
controls	B-ASPECT
(	O
two	O
options	O
:	O
setting	O
1	O
mimics	O
the	O
psp	B-OBJ
controls	B-ASPECT
,	O
setting	O
2	O
mimics	O
the	O
ps2	B-OBJ
controls	B-ASPECT
).	O

the	O
ds	B-OBJ
has	O
n64	O
graphics	B-ASPECT
,	O
the	O
3ds	O
in	O
the	O
case	O
of	O
resident	O
evil	O
is	O
better	O
than	O
wii	B-OBJ
.	O

i	O
found	O
out	O
the	O
reason	O
why	O
mw2	O
isn	O
'	O
t	O
on	O
the	O
wii	B-OBJ
yet	O
.	O
it	O
'	O
s	O
because	O
the	O
graphics	B-ASPECT
are	O
incredebly	O
messed	O
up	O
[	O
5000000000000	O
times	O
worse	O
than	O
the	O
ds	B-OBJ
]	O
there	O
in	O
the	O
middle	O
of	O
fixing	O
the	O
graphics	B-ASPECT
there	O
trying	O
to	O
restore	O
the	O
graphics	B-ASPECT
to	O
their	O
normal	O
wii	B-OBJ
state	O
.	O

alot	O
of	O
people	O
are	O
saying	O
that	O
the	O
3ds	O
is	O
to	O
expensive	O
but	O
you	O
get	O
3ds	O
and	O
the	O
ds	B-OBJ
libary	O
,	O
3d	O
,	O
motion	O
controls	O
,	O
touch	O
pad	O
,	O
some	O
games	O
better	O
than	O
wii	B-OBJ
graphics	B-ASPECT
,	O
eshop	O
,	O
browser	O
,	O
ar	O
games	O
,	O
face	O
raiders	O
ect	O
.	O

the	O
graphics	B-ASPECT
are	O
good	O
for	O
ds	B-OBJ
,	O
but	O
i	O
'	O
m	O
sure	O
the	O
wii	B-OBJ
one	O
has	O
much	O
better	O
graphics	B-ASPECT
.	O

i	O
'	O
d	O
expect	O
the	O
ds	B-OBJ
to	O
chug	O
with	O
graphics	B-ASPECT
like	O
that	O
,	O
not	O
the	O
wii	B-OBJ
.	O

maybe	O
for	O
you	O
python	B-OBJ
is	O
cleaner	O
,	O
but	O
to	O
me	O
python	B-OBJ
is	O
harder	O
than	O
ruby	B-OBJ
when	O
i	O
try	O
to	O
read	O
the	O
code	B-ASPECT
.	O

ruby	B-OBJ
code	B-ASPECT
in	O
practice	O
seems	O
cleaner	O
and	O
easier	O
for	O
me	O
to	O
read	O
even	O
than	O
python	B-OBJ
code	B-ASPECT
,	O
with	O
all	O
of	O
its	O
focus	O
in	O
that	O
area	O
.	O

that	O
alone	O
makes	O
ruby	B-OBJ
code	B-ASPECT
much	O
easier	O
to	O
monkeypatch	O
than	O
python	B-OBJ
code	B-ASPECT
.	O

strangely	O
though	O
,	O
despite	O
guido	O
'	O
s	O
user	O
-	O
studies	O
,	O
i	O
find	O
ruby	B-OBJ
code	B-ASPECT
to	O
be	O
almost	O
invariably	O
easier	O
to	O
read	O
than	O
python	B-OBJ
.	O

edit	O
:	O
techb	O
,	O
the	O
reason	O
why	O
i	O
think	O
they	O
might	O
be	O
using	O
ruby	B-OBJ
because	O
i	O
heard	O
it	O
'	O
s	O
faster	O
than	O
python	B-OBJ
,	O
but	O
i	O
'	O
m	O
just	O
learning	B-ASPECT
,	O
so	O
i	O
might	O
be	O
wrong	O
until	O
someone	O
posts	O
a	O
benchmark	O
between	O
several	O
different	O
languages	O
.	O

even	O
if	O
they	O
are	O
trying	O
to	O
speed	O
up	O
scala	B-OBJ
compilation	O
,	O
it	O
'	O
s	O
much	O
slower	O
than	O
java	B-OBJ
/	O
d	O
compilation	O
,	O
because	O
the	O
scala	B-OBJ
type	O
system	O
is	O
very	O
complex	O
and	O
refined	O
and	O
the	O
compiler	B-ASPECT
has	O
to	O
work	O
a	O
lot	O
.	O

i	O
don	O
'	O
t	O
think	O
that	O
creating	O
refactorings	O
for	O
scala	B-OBJ
is	O
much	O
harder	O
than	O
for	O
java	B-OBJ
,	O
things	O
like	O
type	O
inference	O
are	O
irrelevant	O
because	O
i	O
can	O
access	O
the	O
ast	O
of	O
the	O
compiler	B-ASPECT
with	O
all	O
types	O
inferred	O
.	O

scala	B-OBJ
compilation	O
is	O
about	O
ten	O
times	O
slower	O
than	O
java	B-OBJ
code	O
(	O
even	O
with	O
the	O
fast	O
fsc	O
compiler	B-ASPECT
),	O
and	O
this	O
makes	O
programming	O
in	O
scala	B-OBJ
a	O
little	O
worse	O
in	O
practice	O
.	O

it	O
'	O
s	O
scary	O
without	O
incremental	O
compile	O
(	O
sbt	O
)	O
or	O
long	O
running	O
processes	O
(	O
fast	O
compiler	B-ASPECT
)	O
the	O
raw	O
scala	B-OBJ
compiler	B-ASPECT
is	O
10x	O
slower	O
than	O
java	B-OBJ
.	O

the	O
build	O
time	O
for	O
scala	B-OBJ
projects	O
on	O
android	O
can	O
be	O
rather	O
long	O
since	O
code	O
has	O
to	O
pass	O
though	O
the	O
compiler	B-ASPECT
(	O
which	O
is	O
already	O
slower	O
than	O
java	B-OBJ
)	O
and	O
then	O
it	O
has	O
to	O
be	O
dexed	O
.	O

memory	B-ASPECT
for	O
gamecube	B-OBJ
games	O
,	O
store	O
up	O
to	O
2043	O
blocks	O
of	O
information	O
&	O
is	O
suitable	O
for	O
wii	B-OBJ
or	O
gamecube	B-OBJ
consoles	O
.	O

the	O
nintendo	O
wii	B-OBJ
has	O
512mb	O
internal	O
storage	O
,	O
this	O
can	O
save	O
wii	B-OBJ
games	O
,	O
and	O
mii	O
'	O
s	O
etc	O
,	O
but	O
you	O
will	O
need	O
a	O
gamecube	B-OBJ
memory	B-ASPECT
card	O
to	O
save	O
gamecube	B-OBJ
games	O
.	O

all	O
you	O
need	O
is	O
a	O
gamecube	B-OBJ
controller	O
and	O
a	O
gamecube	B-OBJ
memory	B-ASPECT
card	O
and	O
you	O
'	O
re	O
ready	O
to	O
start	O
playing	O
gamecube	B-OBJ
games	O
on	O
the	O
wii	B-OBJ
.	O

the	O
wii	B-OBJ
does	O
not	O
read	O
anything	O
smaller	O
than	O
a	O
gamecube	B-OBJ
disk	B-ASPECT
.	O

unlike	O
the	O
wii	B-OBJ
games	O
,	O
when	O
you	O
put	O
a	O
gamecube	B-OBJ
game	O
in	O
,	O
it	O
just	O
shows	O
up	O
as	O
a	O
small	O
disk	B-ASPECT
with	O
no	O
artwork	O
.	O

hi	O
guys	O
,	O
this	O
place	O
has	O
been	O
very	O
helpful	O
with	O
most	O
of	O
my	O
wii	B-OBJ
problems	O
but	O
i	O
was	O
wonder	O
today	O
if	O
leaving	O
the	O
gamecube	B-OBJ
disk	B-ASPECT
in	O
my	O
wii	B-OBJ
will	O
cause	O
problems	O
.	O

the	O
wii	B-OBJ
is	O
pretty	O
much	O
a	O
smaller	O
gamecube	B-OBJ
with	O
new	O
controller	O
,	O
new	O
design	O
,	O
new	O
os	O
and	O
a	O
regular	O
disk	B-ASPECT
drive	O
instead	O
of	O
using	O
tiny	O
discs	O
...	O

sooo	O
yesterday	O
i	O
tryed	O
useing	O
the	O
wii	B-OBJ
downgrader	O
but	O
i	O
was	O
disapointed	O
lol	O
...	O
i	O
hoped	O
that	O
after	O
downgrading	O
my	O
wii	B-OBJ
i	O
'	O
ll	O
be	O
able	O
to	O
use	O
my	O
action	O
replay	O
for	O
gamecube	B-OBJ
but	O
it	O
still	O
won	O
'	O
t	O
read	O
the	O
disk	B-ASPECT
...	O
verry	O
disapointing	O
:	O
p	O

the	O
n64	O
is	O
the	O
gretest	O
revolution	O
in	O
nintendo	O
history	O
,	O
except	O
for	O
the	O
wii	B-OBJ
,	O
because	O
it	O
intoduced	O
true	O
3	O
-	O
d	O
graphics	B-ASPECT
,	O
better	O
games	B-ASPECT
,	O
and	O
better	O
everything	O
else	O
,	O
the	O
only	O
thing	O
greater	O
than	O
it	O
is	O
the	O
wii	B-OBJ
,	O
the	O
gamecube	B-OBJ
is	O
still	O
good	O
though	O
.	O

all	O
wii	B-OBJ
games	B-ASPECT
have	O
sold	O
better	O
than	O
their	O
gamecube	B-OBJ
predecessors	O
.	O

when	O
the	O
specs	O
for	O
the	O
console	O
were	O
first	O
announced	O
,	O
gaming	O
aficionados	O
rightly	O
assumed	O
that	O
most	O
wii	B-OBJ
games	B-ASPECT
would	O
look	O
better	O
than	O
gamecube	B-OBJ
games	B-ASPECT
,	O
but	O
worse	O
than	O
games	B-ASPECT
on	O
the	O
360	O
.	O

nintendo	O
started	O
slow	O
,	O
the	O
wii	B-OBJ
u	O
may	O
have	O
better	O
games	B-ASPECT
than	O
gamecube	B-OBJ
that	O
i	O
believe	O
it	O
could	O
and	O
even	O
sell	O
better	O
than	O
gamecube	B-OBJ
.	O

the	O
wii	B-OBJ
is	O
better	O
than	O
the	O
gamecube	B-OBJ
but	O
the	O
current	O
games	B-ASPECT
haven	O
'	O
t	O
really	O
shown	O
that	O
potential	O
.	O

wii	B-OBJ
sports	O
is	O
better	O
than	O
gamecube	B-OBJ
graphics	B-ASPECT
.	O

wii	B-OBJ
has	O
better	O
graphics	B-ASPECT
than	O
gamecube	B-OBJ
,	O
you	O
'	O
ll	O
soon	O
see	O
.	O

the	O
graphics	B-ASPECT
on	O
the	O
wii	B-OBJ
are	O
slightly	O
better	O
than	O
the	O
graphics	B-ASPECT
on	O
the	O
gamecube	B-OBJ
.	O

wii	B-OBJ
:	O
graphics	B-ASPECT
are	O
slightly	O
better	O
than	O
gamecube	B-OBJ
no	O
matter	O
what	O
they	O
say	O
.	O

the	O
playstation	B-OBJ
3	O
version	O
of	O
the	O
game	O
is	O
superior	O
to	O
the	O
wii	B-OBJ
version	O
,	O
as	O
it	O
includes	O
hd	B-ASPECT
graphics	I-ASPECT
.	O

well	O
,	O
on	O
the	O
one	O
hand	O
,	O
playstation	B-OBJ
3	O
and	O
xbox	O
360will	O
undoubtedly	O
have	O
better	O
graphics	O
than	O
the	O
wii	B-OBJ
,	O
especially	O
in	O
terms	O
of	O
resolution	O
,	O
as	O
they	O
support	O
hd	B-ASPECT
.	O

nintendo	O
'	O
s	O
been	O
famously	O
hesitant	O
to	O
acknowledge	O
that	O
this	O
might	O
be	O
an	O
area	O
in	O
which	O
the	O
hd	B-ASPECT
-	O
capable	O
xbox	O
360	O
and	O
playstation	B-OBJ
3	O
consoles	O
are	O
superior	O
,	O
but	O
the	O
recent	O
release	O
of	O
a	O
netflix	O
disc	O
for	O
the	O
nintendo	O
wii	B-OBJ
put	O
that	O
console	O
'	O
s	O
failings	O
in	O
sharp	O
relief	O
.	O

sony	O
has	O
said	O
that	O
its	O
upcoming	O
magic	O
'	O
em	O
up	O
sorcery	O
will	O
prove	O
that	O
the	O
playstation	B-OBJ
move	O
is	O
superior	O
to	O
both	O
the	O
wii	B-OBJ
and	O
kinect	O
,	O
claiming	O
that	O
it	O
'	O
s	O
more	O
hardcore	O
than	O
other	O
motion	O
games	B-ASPECT
.	O

the	O
technology	O
behind	O
it	O
all	O
might	O
be	O
vastly	O
superior	O
but	O
the	O
level	O
of	O
control	O
and	O
the	O
nature	O
of	O
the	O
games	B-ASPECT
are	O
almost	O
identical	O
to	O
the	O
wii	B-OBJ
-	O
and	O
arguably	O
inferior	O
to	O
playstation	B-OBJ
move	O
and	O
wii	B-OBJ
motionplus	O
.'	O

fans	O
of	O
the	O
wii	B-OBJ
u	O
should	O
not	O
expect	O
to	O
play	O
games	B-ASPECT
looking	O
better	O
than	O
what	O
is	O
available	O
now	O
on	O
the	O
xbox	O
360	O
and	O
playstation	B-OBJ
3	O
,	O
but	O
they	O
will	O
be	O
a	O
step	O
up	O
from	O
the	O
wii	B-OBJ
.	O

in	O
my	O
testing	O
with	O
the	O
sports	O
champions	O
demo	O
games	B-ASPECT
,	O
the	O
experience	O
with	O
the	O
playstation	B-OBJ
move	O
was	O
superior	O
to	O
that	O
of	O
the	O
wii	B-OBJ
.	O

the	O
nintendo	O
wii	B-OBJ
u	O
'	O
s	O
processor	O
is	O
slower	O
than	O
its	O
counterparts	O
in	O
the	O
years	O
-	O
old	O
xbox	O
360	O
and	O
playstation	B-OBJ
3	O
,	O
and	O
the	O
wii	B-OBJ
u	O
graphics	B-ASPECT
chip	O
either	O
matches	O
or	O
is	O
slightly	O
faster	O
than	O
its	O
rivals	O
'	O
graphics	B-ASPECT
chips	O
.	O

in	O
fact	O
,	O
the	O
wii	B-OBJ
--	O
pronounced	O
we	O
--	O
has	O
proved	O
more	O
popular	O
and	O
harder	O
to	O
nab	O
than	O
sony	O
corp	O
.'	O
s	O
higher	O
-	O
tech	O
,	O
higher	O
-	O
price	O
and	O
highly	O
touted	O
playstation	B-OBJ
3	O
,	O
which	O
has	O
superior	O
graphics	B-ASPECT
and	O
a	O
built	O
-	O
in	O
,	O
next	O
-	O
generation	O
dvd	O
player	O
.	O

but	O
the	O
wii	B-OBJ
-	O
specific	O
version	O
disappoints	O
with	O
a	O
complete	O
lack	O
of	O
online	O
play	O
and	O
graphics	B-ASPECT
that	O
are	O
simply	O
too	O
inferior	O
to	O
the	O
xbox	O
360	O
and	O
playstation	B-OBJ
3	O
versions	O
.	O

it	O
'	O
s	O
easy	O
to	O
see	O
that	O
the	O
playstation	B-OBJ
3	O
was	O
graphically	O
superior	O
to	O
its	O
competitors	O
the	O
xbox	O
360	O
and	O
the	O
nintendo	O
wii	B-OBJ
and	O
in	O
the	O
next	O
generation	O
,	O
the	O
ps4	O
graphics	B-ASPECT
are	O
once	O
again	O
set	O
to	O
be	O
superior	O
to	O
all	O
other	O
console	O
competition	O
.	O

the	O
playstation	B-OBJ
2	O
and	O
xbox	O
are	O
priced	O
higher	O
than	O
the	O
gamecube	B-OBJ
because	O
of	O
features	O
like	O
dvd	B-ASPECT
playback	O
and	O
internet	O
connectivity	O
.	O

the	O
controversy	O
surrounding	O
the	O
wii	O
is	O
mainly	O
surrounding	O
its	O
power	O
/	O
graphics	B-ASPECT
capabilities	O
which	O
appear	O
to	O
be	O
a	O
slight	O
improvement	O
over	O
the	O
gamecube	B-OBJ
and	O
are	O
far	O
inferior	O
to	O
the	O
playstation	B-OBJ
3	O
&	O
xbox	O
360	O
.	O

while	O
their	O
xbox	O
360	O
and	O
playstation	B-OBJ
3	O
both	O
offer	O
incredibly	O
detailed	O
graphics	B-ASPECT
,	O
their	O
opponent	O
,	O
the	O
nintendo	O
wii	O
,	O
has	O
been	O
sold	O
out	O
of	O
stores	O
for	O
two	O
years	O
straight	O
,	O
despite	O
the	O
fact	O
its	O
innards	O
are	O
only	O
slightly	O
better	O
than	O
its	O
predecessor	O
,	O
the	O
overlooked	O
nintendo	O
gamecube	B-OBJ
.	O

playstation	B-OBJ
graphics	B-ASPECT
are	O
much	O
much	O
much	O
better	O
than	O
any	O
x	O
-	O
box	O
or	O
gamecube	B-OBJ
combined	O
.	O

graphics	B-ASPECT
:	O
10	O
/	O
10	O
:	O
the	O
graphics	B-ASPECT
for	O
this	O
console	O
rivaled	O
those	O
of	O
the	O
rival	O
sony	O
playstation	B-OBJ
2	O
and	O
both	O
of	O
them	O
are	O
graphically	O
superior	O
to	O
nintendo	O
'	O
s	O
gamecube	B-OBJ
.	O

playstation	B-OBJ
2	O
version	O
---------------------	O
the	O
ps2	O
version	O
,	O
aside	O
from	O
slightly	O
fuzzier	O
graphics	B-ASPECT
and	O
surprisingly	O
slow	O
-	O
er	O
load	O
times	O
,	O
seemingly	O
has	O
a	O
decreased	O
random	O
enemy	O
encounter	O
rate	O
,	O
and	O
is	O
overall	O
a	O
bit	O
easier	O
than	O
its	O
gamecube	B-OBJ
counterpart	O
.	O

coffee	O
is	O
a	O
wake	O
-	O
up	O
juice	B-OBJ
,	O
and	O
as	O
long	O
as	O
you	O
don	O
'	O
t	O
have	O
the	O
bitterness	B-ASPECT
(	O
easily	O
possible	O
,	O
even	O
with	O
folgers	O
,	O
if	O
you	O
figure	O
out	O
the	O
right	O
way	O
to	O
do	O
it	O
)	O
i	O
think	O
it	O
tastes	O
even	O
better	O
than	O
tea	B-OBJ
.	O

it	O
was	O
naturally	O
sweet	O
due	O
to	O
the	O
strawberries	O
(	O
i	O
asked	O
if	O
they	O
put	O
sugar	O
in	O
it	O
to	O
make	O
sure	O
)	O
but	O
yet	O
had	O
just	O
enough	O
bitterness	B-ASPECT
to	O
still	O
taste	O
like	O
a	O
tea	B-OBJ
rather	O
than	O
juice	B-OBJ
.	O

i	O
'	O
ve	O
been	O
avoiding	O
matcha	O
for	O
a	O
while	O
for	O
whatever	O
reason	O
so	O
i	O
can	O
pick	O
up	O
a	O
bit	O
of	O
bitterness	B-ASPECT
that	O
is	O
probably	O
just	O
my	O
tongue	O
having	O
adjusted	O
back	O
to	O
mostly	O
soda	O
and	O
juice	B-OBJ
rather	O
than	O
tea	B-OBJ
for	O
a	O
while	O
.	O

the	O
pediatrician	O
says	O
that	O
chocolate	O
milk	B-OBJ
is	O
much	O
better	O
than	O
drinking	O
soda	B-OBJ
because	O
it	O
has	O
protein	O
and	O
calcium	B-ASPECT
.	O

(	O
2	O
%	O
chocolate	O
milk	B-OBJ
is	O
better	O
than	O
nothing	O
or	O
a	O
soda	B-OBJ
,	O
and	O
is	O
a	O
great	O
source	O
of	O
protein	O
,	O
calcium	B-ASPECT
,	O
some	O
fat	O
and	O
several	O
vitamins	O
.)	O

flavored	O
milk	B-OBJ
has	O
some	O
added	O
sugar	O
,	O
but	O
many	O
experts	O
agree	O
that	O
the	O
wealth	O
of	O
protein	B-ASPECT
,	O
calcium	B-ASPECT
and	O
other	O
vitamins	O
it	O
contains	O
still	O
makes	O
flavored	O
milk	B-OBJ
a	O
better	O
choice	O
than	O
soda	B-OBJ
,	O
juice	B-OBJ
drinks	O
or	O
sports	O
drinks	O
.	O

it	O
is	O
not	O
simply	O
that	O
some	O
adults	O
choose	O
to	O
drink	O
soda	B-OBJ
(	O
calcium	B-ASPECT
poor	O
)	O
rather	O
than	O
drink	O
milk	B-OBJ
(	O
calcium	B-ASPECT
rich	O
).	O

pick	O
your	O
beverage	O
for	O
better	O
nutrition	O
-	O
milk	B-OBJ
for	O
a	O
calcium	B-ASPECT
boost	O
or	O
juice	O
instead	O
of	O
soda	B-OBJ
.	O

the	O
steaz	O
zero	O
calorie	O
sparkling	O
green	O
tea	B-OBJ
in	O
steazy	O
cola	O
was	O
better	O
than	O
the	O
root	O
beer	B-OBJ
flavor	B-ASPECT
,	O
but	O
didn	O
'	O
t	O
taste	O
much	O
like	O
cola	O
to	O
me	O
and	O
had	O
caramel	O
color	O
(	O
which	O
to	O
my	O
understanding	O
is	O
not	O
good	O
for	O
you	O
)	O
to	O
make	O
it	O
a	O
darker	O
coloring	O
.	O

the	O
flavor	B-ASPECT
is	O
actually	O
closer	O
to	O
a	O
tea	B-OBJ
than	O
beer	B-OBJ
.	O

most	O
people	O
lean	O
toward	O
thinking	O
that	O
juice	B-OBJ
is	O
much	O
better	O
than	O
soda	B-OBJ
because	O
it	O
contains	O
nutrients	B-ASPECT
that	O
are	O
not	O
normally	O
found	O
in	O
soda	B-OBJ
.	O

water	O
is	O
the	O
best	O
option	O
,	O
and	O
fruit	O
juice	B-OBJ
is	O
better	O
than	O
soda	B-OBJ
pop	O
because	O
it	O
contains	O
some	O
nutrients	B-ASPECT
.	O

some	O
juices	O
,	O
like	O
grape	O
juice	B-OBJ
,	O
still	O
contain	O
reasonable	O
levels	O
of	O
antioxidants	O
and	O
polyphenols	O
,	O
making	O
them	O
a	O
much	O
better	O
option	O
than	O
soda	B-OBJ
in	O
terms	O
of	O
naturally	O
-	O
occurring	O
nutrients	B-ASPECT
.	O

yes	O
,	O
too	O
much	O
fruit	O
juice	B-OBJ
can	O
lead	O
to	O
an	O
overload	O
of	O
sugars	O
,	O
but	O
it	O
'	O
s	O
also	O
a	O
good	O
source	O
of	O
vitamins	B-ASPECT
and	O
nutrients	B-ASPECT
...	O
and	O
way	O
better	O
for	O
you	O
than	O
soda	B-OBJ
.	O

apple	O
juice	B-OBJ
has	O
few	O
natural	O
nutrients	B-ASPECT
,	O
and	O
in	O
some	O
cases	O
,	O
more	O
sugar	O
than	O
soda	B-OBJ
.	O

fruit	O
juice	B-OBJ
is	O
better	O
than	O
a	O
sweetened	O
soda	B-OBJ
because	O
you	O
are	O
getting	O
some	O
vitamins	B-ASPECT
,	O
mirza	O
says	O
.	O

although	O
,	O
orange	O
juice	B-OBJ
is	O
acidic	O
and	O
will	O
aid	O
in	O
absorbing	O
vitamins	B-ASPECT
and	O
minerals	O
,	O
which	O
is	O
better	O
than	O
soda	B-OBJ
as	O
ling	O
as	O
the	O
acid	O
doesn	O
'	O
t	O
bother	O
your	O
tummy	O
.	O

fruit	O
juice	B-OBJ
has	O
more	O
vitamins	B-ASPECT
than	O
soda	B-OBJ
,	O
of	O
course	O
.	O

juice	B-OBJ
does	O
have	O
an	O
advantage	O
over	O
soda	B-OBJ
--	O
it	O
contains	O
some	O
vitamins	B-ASPECT
and	O
minerals	O
.	O

if	O
you	O
'	O
re	O
consuming	O
cereal	O
primarily	O
for	O
calories	O
and	O
protein	B-ASPECT
,	O
milk	B-OBJ
is	O
a	O
better	O
choice	O
than	O
juice	B-OBJ
.	O

if	O
he	O
or	O
she	O
does	O
not	O
like	O
white	O
milk	B-OBJ
,	O
even	O
chocolate	O
milk	B-OBJ
is	O
better	O
than	O
juice	B-OBJ
because	O
it	O
has	O
protein	B-ASPECT
,	O
calcium	O
,	O
vitamin	O
d	O
and	O
potassium	O
.	O

the	O
american	O
diabetes	O
association	O
(	O
ada	O
)	O
states	O
that	O
milk	B-OBJ
is	O
better	O
than	O
juice	B-OBJ
or	O
glucose	O
because	O
it	O
has	O
lactose	O
,	O
fat	O
and	O
protein	B-ASPECT
that	O
will	O
help	O
your	O
blood	O
sugar	O
remain	O
steady	O
over	O
time	O
.	O

baseball	B-OBJ
is	O
much	O
easier	O
to	O
quantify	O
because	O
(	O
1	O
)	O
it	O
'	O
s	O
a	O
one	O
-	O
at	O
-	O
a	O
-	O
time	O
game	O
on	O
offense	O
,	O
and	O
(	O
2	O
)	O
the	O
defensive	O
statistics	B-ASPECT
,	O
although	O
flawed	O
,	O
are	O
still	O
better	O
than	O
what	O
'	O
s	O
available	O
for	O
basketball	B-OBJ
.	O

the	O
paper	O
notes	O
that	O
advanced	O
baseball	B-OBJ
statistics	B-ASPECT
seem	O
to	O
predict	O
performance	O
better	O
than	O
basketball	B-OBJ
based	O
on	O
this	O
study	O
.	O

i	O
don	O
'	O
t	O
think	O
that	O
your	O
baseball	B-OBJ
analogy	O
really	O
applies	O
because	O
productivity	O
is	O
better	O
--	O
and	O
more	O
easily	O
--	O
measured	O
through	O
statistics	B-ASPECT
in	O
baseball	B-OBJ
than	O
it	O
is	O
in	O
basketball	B-OBJ
.	O

peta	O
uses	O
a	O
combination	O
of	O
common	O
sense	O
and	O
advanced	O
baseball	B-OBJ
statistics	B-ASPECT
(	O
or	O
sabermetrics	O
)	O
to	O
explain	O
why	O
betting	O
on	O
baseball	B-OBJ
is	O
a	O
far	O
superior	O
choice	O
to	O
betting	O
on	O
football	O
or	O
basketball	B-OBJ
-	O
both	O
from	O
a	O
financial	O
and	O
an	O
emotional	O
perspective	O
.	O

it	O
'	O
s	O
a	O
lot	O
easier	O
to	O
use	O
statistics	B-ASPECT
in	O
baseball	B-OBJ
than	O
basketball	B-OBJ
.	O

thats	O
like	O
saying	O
michael	O
jordan	O
could	O
hit	O
a	O
baseball	B-OBJ
better	O
than	O
babe	O
ruth	O
because	O
of	O
his	O
superior	O
basketball	B-OBJ
skills	B-ASPECT
.	O

in	O
addition	O
to	O
being	O
an	O
elite	O
baseball	B-OBJ
player	O
,	O
dennis	O
is	O
an	O
excellent	O
athlete	O
,	O
as	O
demonstrated	O
by	O
his	O
superior	O
basketball	B-OBJ
skills	B-ASPECT
.	O

of	O
course	O
,	O
baseball	B-OBJ
is	O
a	O
much	O
easier	O
game	O
to	O
call	O
than	O
basketball	B-OBJ
,	O
but	O
still	O
,	O
if	O
vin	O
started	O
seeing	O
his	O
skills	B-ASPECT
deteriorate	O
,	O
you	O
can	O
bet	O
he	O
'	O
d	O
step	O
down	O
the	O
next	O
day	O
.	O

first	O
:	O
baseball	B-OBJ
has	O
more	O
reliance	O
on	O
deception	O
and	O
fine	O
motor	O
skills	B-ASPECT
than	O
,	O
say	O
,	O
football	O
,	O
so	O
maybe	O
baseball	B-OBJ
skills	B-ASPECT
just	O
take	O
longer	O
to	O
develop	O
than	O
football	O
or	O
basketball	B-OBJ
skills	B-ASPECT
.	O

also	O
,	O
i	O
think	O
that	O
baseball	B-OBJ
,	O
more	O
than	O
football	O
and	O
basketball	B-OBJ
utilize	O
"	O
learned	O
"	O
skills	B-ASPECT
.	O

this	O
is	O
why	O
the	O
better	O
team	B-ASPECT
wins	O
any	O
given	O
basketball	B-OBJ
game	O
with	O
far	O
greater	O
frequency	O
than	O
it	O
does	O
in	O
baseball	B-OBJ
,	O
football	B-OBJ
or	O
hockey	B-OBJ
.	O

because	O
both	O
the	O
racquet	O
and	O
ball	B-ASPECT
are	O
bigger	O
,	O
it	O
'	O
s	O
easier	O
for	O
a	O
child	O
to	O
learn	O
to	O
hit	O
a	O
tennis	B-OBJ
ball	B-ASPECT
faster	O
than	O
it	O
is	O
a	O
golf	B-OBJ
ball	B-ASPECT
.	O

freeway	O
chased	O
after	O
it	O
,	O
but	O
when	O
he	O
got	O
to	O
it	O
he	O
was	O
a	O
little	O
wary	O
because	O
the	O
golf	B-OBJ
ball	B-ASPECT
was	O
smaller	O
,	O
harder	O
and	O
denser	O
than	O
the	O
tennis	B-OBJ
ball	B-ASPECT
he	O
is	O
used	O
to	O
.	O

much	O
like	O
soccer	O
,	O
lacrosse	B-OBJ
has	O
grown	O
in	O
popularity	O
because	O
of	O
its	O
fast	O
-	O
paced	O
action	B-ASPECT
and	O
the	O
fact	O
its	O
considered	O
safer	O
than	O
a	O
true	O
contact	B-ASPECT
sport	O
like	O
football	B-OBJ
or	O
hockey	O
.	O

and	O
the	O
number	O
1	O
reason	O
why	O
tennis	B-OBJ
is	O
better	O
than	O
football	B-OBJ
...	O
there	O
'	O
s	O
no	O
love	B-ASPECT
in	O
football	B-OBJ
.	O

the	O
basketball	B-OBJ
team	B-ASPECT
faired	O
better	O
than	O
their	O
football	B-OBJ
counterparts	O
.	O

the	O
football	B-OBJ
players	O
don	O
'	O
t	O
work	O
any	O
harder	O
than	O
wrestlers	O
and	O
the	O
men	O
'	O
s	O
basketball	B-OBJ
team	B-ASPECT
doesn	O
'	O
t	O
work	O
any	O
harder	O
than	O
the	O
women	O
'	O
s	O
basketball	B-OBJ
team	B-ASPECT
or	O
the	O
swimmers	O
.	O

basketball	B-OBJ
is	O
a	O
sport	O
that	O
can	O
be	O
turned	O
around	O
quicker	O
that	O
football	B-OBJ
because	O
a	O
couple	O
of	O
key	O
recruits	O
can	O
dramatically	O
turn	O
a	O
team	B-ASPECT
around	O
,	O
you	O
need	O
fewer	O
players	O
,	O
and	O
the	O
evaluation	O
process	O
is	O
easier	O
than	O
in	O
football	B-OBJ
.	O

building	O
a	O
basketball	B-OBJ
team	B-ASPECT
is	O
light	O
-	O
years	O
easier	O
than	O
creating	O
a	O
winning	O
football	B-OBJ
team	B-ASPECT
.	O

husker	O
football	B-OBJ
fans	B-ASPECT
are	O
equal	O
if	O
not	O
worse	O
than	O
ku	O
basketball	B-OBJ
fans	B-ASPECT
.	O

and	O
in	O
reality	O
,	O
the	O
basketball	B-OBJ
fans	B-ASPECT
of	O
seattle	O
have	O
it	O
worse	O
than	O
the	O
football	B-OBJ
fans	B-ASPECT
of	O
ohio	O
ever	O
did	O
.	O

basketball	B-OBJ
magnifies	O
the	O
issue	O
because	O
fans	B-ASPECT
are	O
right	O
on	O
top	O
of	O
players	O
-	O
but	O
i	O
'	O
ve	O
heard	O
plenty	O
of	O
fans	B-ASPECT
yell	O
things	O
way	O
worse	O
than	O
piece	O
of	O
crap	O
at	O
their	O
own	O
players	O
at	O
football	B-OBJ
games	O
.	O

yes	O
they	O
'	O
re	O
sheep	O
humpers	O
,	O
yes	O
they	O
have	O
delusions	O
of	O
granduer	O
about	O
the	O
status	O
of	O
their	O
football	B-OBJ
program	O
,	O
yes	O
they	O
'	O
re	O
just	O
aggies	O
,	O
but	O
they	O
'	O
re	O
better	O
basketball	B-OBJ
fans	B-ASPECT
than	O
we	O
are	O
.	O

baseball	O
fans	B-ASPECT
will	O
hear	O
about	O
how	O
pitchers	O
get	O
in	O
a	O
groove	O
ahead	O
of	O
hitters	O
,	O
football	B-OBJ
fans	B-ASPECT
will	O
make	O
assumptions	O
about	O
defenses	O
starting	O
out	O
better	O
than	O
offenses	O
,	O
and	O
basketball	B-OBJ
fans	B-ASPECT
will	O
hear	O
how	O
young	O
guys	O
get	O
better	O
in	O
the	O
second	O
half	O
.	O

the	O
ford	B-OBJ
explorer	O
will	O
be	O
a	O
hit	O
with	O
tall	O
drivers	O
and	O
their	O
front	O
seat	O
passengers	O
,	O
since	O
it	O
has	O
greater	O
front	O
head	O
-	O
and	O
legroom	B-ASPECT
than	O
the	O
nissan	B-OBJ
xterra	O
.	O

the	O
nissan	B-OBJ
altima	O
will	O
be	O
a	O
favorite	O
with	O
taller	O
drivers	O
due	O
to	O
its	O
greater	O
front	O
head	O
-	O
and	O
legroom	B-ASPECT
than	O
the	O
ford	B-OBJ
focus	O
.	O

at	O
its	O
current	O
level	O
of	O
89	O
to	O
the	O
dollar	O
,	O
profitable	O
exports	O
from	O
japan	O
are	O
difficult	O
,	O
although	O
honda	B-OBJ
is	O
better	O
off	O
than	O
nissan	B-OBJ
and	O
toyota	O
because	O
its	O
north	O
american	O
factories	B-ASPECT
make	O
80	O
%	O
of	O
the	O
cars	O
it	O
sells	O
there	O
.	O

[	O
jim	O
wrote	O
this	O
response	O
to	O
some	O
newsgroup	O
members	O
who	O
maintained	O
that	O
the	O
chrysler	B-OBJ
hemi	O
was	O
obviously	O
superior	O
to	O
the	O
sohc	O
ford	B-OBJ
because	O
it	O
is	O
still	O
used	O
in	O
modern	O
fuel	B-ASPECT
racing	O
applications	O
.	O

the	O
chrysler	B-OBJ
minivan	O
truly	O
was	O
vastly	O
superior	O
to	O
any	O
wagon	O
from	O
a	O
packaging	O
standpoint	O
and	O
its	O
success	O
was	O
well	O
earned	O
,	O
the	O
rwd	O
competitors	O
from	O
ford	B-OBJ
/	O
gm	O
/	O
toyota	B-OBJ
/	O
etc	O
were	O
inferior	O
,	O
all	O
-	O
around	O
awful	O
vehicles	O
,	O
but	O
they	O
still	O
sold	O
well	O
precisely	O
because	O
they	O
weren	O
'	O
t	O
minivans	B-ASPECT
.	O

the	O
gm	O
and	O
ford	B-OBJ
rwd	O
minivans	B-ASPECT
can	O
haul	O
heavier	O
loads	O
-	O
more	O
than	O
twice	O
that	O
of	O
the	O
chrysler	B-OBJ
minivans	B-ASPECT
-	O
but	O
they	O
gave	O
up	O
packaging	O
efficiencies	O
that	O
became	O
the	O
benchmarks	O
as	O
chrysler	B-OBJ
'	O
s	O
minivans	B-ASPECT
gathered	O
momentum	O
.	O

danger	O
in	O
dodge	O
chrysler	B-OBJ
minivans	B-ASPECT
danger	O
in	O
dodge	O
chrysler	B-OBJ
minivans	B-ASPECT
minivans	I-ASPECT
include	O
dodge	O
caravan	O
chrysler	B-OBJ
town	O
and	O
country	O
plymouth	O
voyager	O
until	O
2000	O
my	O
paul	O
sheridan	O
who	O
was	O
interviewed	O
in	O
this	O
video	O
regarding	O
chrysler	B-OBJ
not	O
installing	O
brake	O
shift	O
interlock	O
in	O
its	O
family	O
targeted	O
minivans	B-ASPECT
due	O
to	O
cost	O
,	O
while	O
this	O
safety	O
feature	O
was	O
standard	O
for	O
gm	O
and	O
ford	B-OBJ
for	O
years	O
,	O
has	O
degrees	O
in	O
physics	O
,	O
mathematics	O
and	O
computer	O
science	O
,	O
and	O
a	O
graduate	O
business	O
degree	O
from	O
cornell	O
university	O
.	O

ford	B-OBJ
is	O
portraying	O
the	O
2014	O
transit	O
connect	O
wagon	O
(	O
ford	B-OBJ
has	O
avoided	O
using	O
the	O
"	O
m	O
"	O
word	O
)	O
as	O
an	O
alternative	O
to	O
traditional	O
minivans	B-ASPECT
still	O
made	O
by	O
chrysler	B-OBJ
,	O
volkswagen	O
(	O
built	O
by	O
chrysler	B-OBJ
),	O
toyota	O
,	O
honda	O
,	O
nissan	O
and	O
kia	O
.	O

drivetrain	O
due	O
to	O
its	O
much	O
higher	O
torque	O
,	O
the	O
chrysler	B-OBJ
town	O
and	O
country	O
does	O
a	O
much	O
better	O
job	O
of	O
transmitting	O
its	O
engine	O
'	O
s	O
horsepower	B-ASPECT
to	O
its	O
wheels	O
than	O
the	O
ford	B-OBJ
transit	O
connect	O
.	O

chrysler	B-OBJ
group	O
llc	O
,	O
whose	O
u	O
.	O
s	O
.	O
pickup	O
sales	O
are	O
growing	O
faster	O
than	O
ford	B-OBJ
motor	B-ASPECT
co	O
.	O
(	O
f	O
)	O
and	O
general	O
motors	O
co	O
.	O
(	O
gm	O
)	O
'	O
s	O
,	O
is	O
considering	O
added	O
production	O
as	O
the	O
automaker	O
readies	O
its	O
new	O
1500	O
light	O
-	O
duty	O
truck	O
with	O
better	O
fuel	B-ASPECT
economy	O
.	O

if	O
chrysler	B-OBJ
'	O
s	O
claim	O
that	O
the	O
v	O
-	O
6	O
ram	O
with	O
torqueflite	O
8	O
-	O
speed	O
automatic	O
gets	O
better	O
fuel	B-ASPECT
economy	O
than	O
the	O
ecoboost	O
v	O
-	O
6	O
ford	B-OBJ
f	O
-	O
150	O
,	O
it	O
will	O
be	O
a	O
very	O
significant	O
new	O
truck	O
.	O

under	O
those	O
rules	O
,	O
chrysler	B-OBJ
won	O
every	O
race	O
,	O
because	O
their	O
hemi	O
was	O
a	O
much	O
better	O
motor	B-ASPECT
than	O
the	O
chevy	O
or	O
ford	B-OBJ
.	O

when	O
it	O
comes	O
to	O
horsepower	B-ASPECT
,	O
the	O
ford	B-OBJ
transit	O
connect	O
has	O
a	O
lot	O
less	O
horsepower	B-ASPECT
than	O
the	O
chrysler	B-OBJ
town	O
and	O
country	O
.	O

performance	O
when	O
it	O
comes	O
to	O
horsepower	B-ASPECT
,	O
the	O
chrysler	B-OBJ
200	O
is	O
somewhat	O
more	O
powerful	O
than	O
the	O
ford	B-OBJ
fusion	O
.	O

performance	O
when	O
it	O
comes	O
to	O
horsepower	B-ASPECT
,	O
the	O
ford	B-OBJ
focus	O
is	O
significantly	O
less	O
powerful	O
than	O
the	O
chrysler	B-OBJ
200	O
.	O

ford	B-OBJ
is	O
in	O
better	O
shape	O
than	O
gm	O
or	O
chrysler	B-OBJ
because	O
it	O
had	O
already	O
mortgaged	O
its	O
assets	B-ASPECT
in	O
2006	O
to	O
raise	O
$	O
24	O
.	O
5	O
billion	O
.	O

ford	B-OBJ
appears	O
to	O
be	O
in	O
better	O
shape	O
than	O
gm	O
and	O
chrysler	B-OBJ
,	O
in	O
large	O
part	O
because	O
it	O
mortgaged	O
almost	O
all	O
of	O
its	O
assets	B-ASPECT
in	O
2006	O
to	O
raise	O
$	O
24	O
.	O
5	O
billion	O
.	O

"	O
ford	B-OBJ
is	O
nowhere	O
nearly	O
as	O
bad	O
as	O
chrysler	B-OBJ
was	O
10	O
years	O
ago	O
,"	O
said	O
analyst	O
sasha	O
kamper	O
at	O
principal	O
global	O
investors	O
,	O
which	O
oversees	O
$	O
43	O
billion	O
of	O
fixed	O
-	O
income	O
assets	B-ASPECT
and	O
owns	O
ford	B-OBJ
bonds	O
.	O

i	O
never	O
thought	O
about	O
it	O
,	O
but	O
it	O
makes	O
sense	O
that	O
chrysler	B-OBJ
,	O
gm	O
and	O
to	O
a	O
lesser	O
extent	O
,	O
ford	B-OBJ
,	O
would	O
be	O
unloading	O
major	O
assets	B-ASPECT
as	O
they	O
slim	O
down	O
and	O
scratch	O
around	O
for	O
cash	O
.	O

ford	B-OBJ
was	O
lucky	O
that	O
they	O
put	O
up	O
all	O
of	O
their	O
assets	B-ASPECT
as	O
collateral	O
and	O
borrowed	O
as	O
much	O
as	O
they	O
could	O
before	O
the	O
credit	O
market	O
froze	O
or	O
else	O
they	O
would	O
have	O
been	O
in	O
the	O
exact	O
same	O
situation	O
as	O
gm	O
and	O
chrysler	B-OBJ
.	O

because	O
lets	O
face	O
it	O
,	O
a	O
honda	B-OBJ
is	O
inferior	O
to	O
a	O
bmw	B-OBJ
on	O
a	O
stock	B-ASPECT
basis	O
.	O

cause	O
a	O
stock	B-ASPECT
bmw	B-OBJ
is	O
still	O
better	O
then	O
a	O
honda	B-OBJ
as	O
far	O
as	O
performance	O
goes	O
.	O

the	O
stock	B-ASPECT
/	O
untouched	O
bmw	B-OBJ
/	O
mb	O
glass	O
are	O
miles	O
better	O
than	O
the	O
honda	B-OBJ
/	O
toyota	O
glass	O
that	O
i	O
have	O
to	O
think	O
they	O
are	O
treated	O
.	O

i	O
'	O
ve	O
always	O
put	O
handling	O
finesse	O
before	O
horsepower	B-ASPECT
,	O
and	O
in	O
waking	O
states	O
a	O
bmw	B-OBJ
m3	O
,	O
volkswagen	O
gti	O
,	O
or	O
a	O
porsche	O
makes	O
my	O
heart	O
beat	O
faster	O
than	O
a	O
chevrolet	O
camaro	O
or	O
ford	B-OBJ
mustang	O
.	O

when	O
it	O
comes	O
to	O
horsepower	B-ASPECT
,	O
the	O
bmw	B-OBJ
x5	O
has	O
a	O
lot	O
less	O
horsepower	B-ASPECT
than	O
the	O
ford	B-OBJ
expedition	O
.	O

the	O
bmw	B-OBJ
x6	O
has	O
a	O
little	O
less	O
horsepower	B-ASPECT
than	O
the	O
ford	B-OBJ
expedition	O
.	O

the	O
ford	B-OBJ
explorer	O
offers	O
just	O
a	O
little	O
more	O
front	O
head	O
-	O
and	O
legroom	B-ASPECT
than	O
the	O
bmw	B-OBJ
x1	O
,	O
offering	O
the	O
driver	O
and	O
front	O
passenger	O
a	O
bit	O
more	O
room	O
and	O
comfort	O
.	O

in	O
friday	O
practice	O
the	O
red	O
bull	O
car	O
is	O
0	O
.	O
3	O
secs	O
faster	O
in	O
the	O
downforce	B-ASPECT
dependent	O
sector	O
1	O
alone	O
than	O
the	O
ferrari	B-OBJ
and	O
half	O
a	O
second	O
quicker	O
than	O
the	O
mclaren	O
and	O
renault	B-OBJ
.	O

something	O
to	O
remember	O
about	O
petrov	O
/	O
alonso	O
at	O
abu	O
-	O
dhabi	O
last	O
year	O
is	O
that	O
renault	B-OBJ
were	O
significantly	O
faster	O
than	O
anyone	O
else	O
down	O
the	O
straghts	O
because	O
they	O
had	O
a	O
better	O
f	O
-	O
duct	O
&	O
had	O
gambled	O
on	O
a	O
lower	O
downforce	B-ASPECT
setting	O
&	O
had	O
run	O
a	O
better	O
pit	O
strategy	O
than	O
ferrari	B-OBJ
.	O

in	O
2003	O
renault	B-OBJ
had	O
a	O
car	O
with	O
great	O
handling	O
and	O
downforce	B-ASPECT
,	O
yet	O
the	O
renault	B-OBJ
engine	O
was	O
rumored	O
to	O
be	O
60	O
hp	O
down	O
on	O
power	O
when	O
compared	O
to	O
ferrari	B-OBJ
and	O
bmw	O
.	O

the	O
likes	O
of	O
red	O
bull	O
,	O
ferrari	B-OBJ
and	O
williams	O
had	O
been	O
working	O
flat	O
out	O
during	O
the	O
break	O
,	O
and	O
the	O
arrival	O
at	O
a	O
circuit	O
that	O
rewards	O
downforce	B-ASPECT
over	O
power	O
gave	O
the	O
renault	B-OBJ
-	O
and	O
ferrari	B-OBJ
-	O
engined	O
teams	O
hope	O
.	O

fernando	O
alonso	O
says	O
the	O
2010	O
ferrari	B-OBJ
has	O
more	O
downforce	B-ASPECT
than	O
last	O
season	O
'	O
s	O
renault	B-OBJ
but	O
he	O
does	O
not	O
know	O
yet	O
if	O
the	O
car	O
is	O
capable	O
of	O
winning	O
the	O
world	O
championship	O
.	O

toyota	B-OBJ
(	O
tm	O
)	O
,	O
which	O
started	O
out	O
with	O
a	O
better	O
quality	O
reputation	B-ASPECT
than	O
chrysler	B-OBJ
,	O
took	O
a	O
big	O
hit	O
during	O
their	O
recall	O
problems	O
,	O
he	O
said	O
.	O

the	O
combination	O
of	O
a	O
downstream	O
marque	O
like	O
chrysler	B-OBJ
(	O
that	O
does	O
not	O
have	O
the	O
reputation	B-ASPECT
of	O
toyota	B-OBJ
)	O
with	O
a	O
higly	O
upstream	O
marque	O
like	O
mb	O
(	O
that	O
does	O
have	O
a	O
far	O
higher	O
reputation	B-ASPECT
than	O
lexus	O
)	O
is	O
like	O
mixing	O
oil	O
with	O
water	O
.	O

i	O
have	O
no	O
doubt	O
that	O
toyota	B-OBJ
will	O
sell	O
many	O
of	O
these	O
,	O
but	O
the	O
writing	O
is	O
on	O
the	O
wall	O
,	O
just	O
as	O
gm	O
,	O
ford	O
,	O
and	O
chrysler	B-OBJ
were	O
guilty	O
of	O
in	O
their	O
peak	O
,	O
toyota	B-OBJ
is	O
starting	O
to	O
let	O
the	O
accountants	O
run	O
the	O
company	O
,	O
and	O
figures	O
it	O
can	O
maintain	O
position	O
through	O
reputation	B-ASPECT
alone	O
.	O

even	O
though	O
the	O
interior	O
materials	O
of	O
these	O
prototypes	O
was	O
not	O
fully	O
representative	O
,	O
it	O
still	O
looked	O
far	O
better	O
than	O
the	O
interior	O
of	O
the	O
corolla	O
,	O
which	O
reminded	O
us	O
more	O
of	O
recent	O
chrysler	B-OBJ
vehicles	O
than	O
the	O
high	O
-	O
quality	O
cabins	O
that	O
toyota	B-OBJ
built	O
its	O
reputation	B-ASPECT
on	O
.	O

although	O
nissan	O
does	O
not	O
have	O
the	O
reliability	O
record	O
of	O
honda	O
and	O
toyota	B-OBJ
,	O
i	O
have	O
found	O
that	O
their	O
vehicles	O
tend	O
to	O
be	O
better	O
than	O
the	O
chrysler	B-OBJ
models	O
...	O
especially	O
as	O
it	O
pertains	O
to	O
durability	B-ASPECT
.	O

reliability	O
and	O
durability	B-ASPECT
of	O
course	O
is	O
far	O
superior	O
for	O
honda	O
,	O
toyota	B-OBJ
and	O
even	O
a	O
few	O
german	O
imports	O
than	O
your	O
average	O
gm	O
or	O
chrysler	B-OBJ
.	O

my	O
larger	O
point	O
is	O
that	O
the	O
toyota	B-OBJ
has	O
not	O
been	O
immune	O
from	O
quality	O
and	O
durability	B-ASPECT
(	O
rust	O
)	O
issues	O
,	O
the	O
tacoma	O
'	O
s	O
drivetrains	O
are	O
dated	O
and	O
not	O
as	O
efficient	O
as	O
some	O
of	O
the	O
competition	O
,	O
and	O
that	O
the	O
general	O
motors	O
,	O
ford	O
,	O
and	O
chrysler	B-OBJ
have	O
closed	O
the	O
quality	O
gap	O
and	O
make	O
very	O
creditable	O
products	O
,	O
especially	O
light	O
duty	O
trucks	O
.	O

concrete	B-OBJ
is	O
fire	B-ASPECT
resistant	O
:	O
solid	O
concrete	B-OBJ
resists	O
fires	O
better	O
than	O
wood	B-OBJ
,	O
or	O
steel	B-OBJ
,	O
and	O
provides	O
a	O
more	O
durable	O
fire	B-ASPECT
barrier	O
than	O
concrete	B-OBJ
block	O
.	O

a	O
reinforced	O
concrete	B-OBJ
monolithic	O
concrete	B-OBJ
wall	O
offers	O
far	O
superior	O
strength	B-ASPECT
and	O
safety	O
when	O
compared	O
to	O
wood	B-OBJ
construction	O
.	O

this	O
concrete	B-OBJ
pile	O
is	O
far	O
superior	O
to	O
the	O
old	O
ones	O
of	O
wood	B-OBJ
,	O
both	O
because	O
of	O
its	O
strength	B-ASPECT
and	O
imperishable	O
quality	B-ASPECT
and	O
because	O
of	O
its	O
greater	O
cheapness	O
.	O

the	O
strength	B-ASPECT
of	O
reinforced	O
concrete	B-OBJ
construction	O
with	O
stands	O
high	O
winds	O
and	O
tornadoes	O
far	O
better	O
than	O
wood	B-OBJ
-	O
frame	O
homes	O
.	O

i	O
like	O
the	O
concrete	B-OBJ
better	O
because	O
of	O
its	O
strength	B-ASPECT
and	O
it	O
lasts	O
much	O
longer	O
(	O
more	O
reliable	O
)	O
than	O
the	O
wood	B-OBJ
alternative	O
.	O

there	O
is	O
no	O
chemical	O
reaction	O
between	O
bamboo	O
and	O
cement	O
mortar	O
,	O
the	O
bond	O
with	O
concrete	B-OBJ
is	O
much	O
greater	O
for	O
bamboo	O
than	O
for	O
any	O
other	O
wood	B-OBJ
,	O
and	O
bamboo	O
has	O
great	O
tensile	O
strength	B-ASPECT
(	O
about	O
the	O
same	O
as	O
concrete	B-OBJ
itself	O
).	O

they	O
'	O
re	O
realizing	O
,	O
'	O
oh	O
,	O
i	O
like	O
concrete	B-OBJ
buildings	O
better	O
because	O
there	O
'	O
s	O
a	O
little	O
bit	O
more	O
soundproofing	O
and	O
the	O
quality	B-ASPECT
of	O
the	O
construction	O
will	O
last	O
longer	O
than	O
wood	B-OBJ
structure	O
buildings	O
.	O

another	O
benefit	O
of	O
the	O
steel	O
-	O
reinforced	O
concrete	B-OBJ
structure	B-ASPECT
was	O
that	O
these	O
pieces	O
could	O
be	O
prefabricated	O
and	O
assembled	O
at	O
the	O
factory	O
site	O
much	O
faster	O
than	O
wood	B-OBJ
,	O
concrete	B-OBJ
,	O
or	O
brick	O
structures	O
.	O

paint	B-ASPECT
adheres	O
to	O
the	O
fiber	O
cement	B-OBJ
better	O
than	O
wood	B-OBJ
.	O

there	O
'	O
s	O
one	O
more	O
thing	O
homeowners	O
like	O
about	O
fiber	O
-	O
cement	B-OBJ
siding	O
:	O
it	O
holds	O
paint	B-ASPECT
better	O
than	O
wood	B-OBJ
.	O

why	O
you	O
want	O
it	O
:	O
fiber	O
cement	B-OBJ
holds	O
paint	B-ASPECT
better	O
than	O
wood	B-OBJ
and	O
is	O
impervious	O
to	O
moisture	O
.	O

this	O
is	O
a	O
great	O
choice	O
because	O
the	O
fiber	O
cement	B-OBJ
wears	O
extremely	O
well	O
,	O
doesn	O
'	O
t	O
rot	O
and	O
holds	O
paint	B-ASPECT
better	O
then	O
wood	B-OBJ
.	O

cement	B-OBJ
board	O
also	O
holds	O
paint	B-ASPECT
better	O
than	O
wood	B-OBJ
and	O
may	O
only	O
need	O
to	O
be	O
repainted	O
every	O
15	O
years	O
or	O
so	O
.	O

the	O
marshals	O
find	O
it	O
easier	O
to	O
approve	O
a	O
concrete	B-OBJ
system	O
because	O
those	O
systems	O
have	O
better	O
fire	B-ASPECT
resistance	O
than	O
do	O
steel	B-OBJ
systems	O
.	O

concrete	B-OBJ
would	O
theoretically	O
be	O
cheaper	O
and	O
easier	O
to	O
place	O
,	O
plus	O
its	O
far	O
better	O
fire	B-ASPECT
rated	O
than	O
plain	O
steel	B-OBJ
,	O
in	O
fact	O
plain	O
steel	B-OBJ
is	O
so	O
poor	O
in	O
fire	B-ASPECT
situations	O
,	O
it	O
must	O
be	O
covered	O
in	O
fire	B-ASPECT
rated	O
materials	O
.	O

in	O
general	O
it	O
is	O
far	O
better	O
than	O
concrete	B-OBJ
for	O
this	O
purpose	O
as	O
it	O
is	O
considerably	O
lighter	O
for	O
the	O
same	O
fire	B-ASPECT
based	O
insulation	O
qualities	O
and	O
unlike	O
concrete	B-OBJ
it	O
tends	O
not	O
to	O
have	O
corrosive	O
chemicals	O
in	O
it	O
which	O
attack	O
the	O
steel	B-OBJ
.	O

the	O
asbestos	O
spray	O
on	O
coating	O
of	O
steel	B-OBJ
trusses	O
used	O
in	O
the	O
wtc	O
towers	O
was	O
considered	O
by	O
chief	O
of	O
the	O
new	O
york	O
city	O
fire	B-ASPECT
department	O
,	O
at	O
the	O
time	O
,	O
john	O
t	O
.	O
o	O
'	O
hagan	O
to	O
be	O
inferior	O
to	O
concrete	B-OBJ
encasement	O
of	O
steel	B-OBJ
.	O

shotcrete	O
with	O
its	O
high	O
cement	B-OBJ
factor	O
and	O
low	O
water	O
to	O
cement	B-OBJ
ratio	O
has	O
greater	O
corrosion	O
inhibition	O
,	O
impermeability	O
,	O
and	O
strength	B-ASPECT
than	O
conventional	O
concrete	B-OBJ
.	O

cement	B-OBJ
with	O
superfine	O
and	O
ultrafine	O
particles	O
as	O
specified	O
above	O
displays	O
higher	O
strength	B-ASPECT
,	O
superior	O
aging	O
and	O
faster	O
curing	O
in	O
concrete	B-OBJ
formulations	O
.	O

but	O
italcementi	O
group	O
said	O
,	O
our	O
transparent	O
cement	B-OBJ
is	O
much	O
superior	O
(	O
to	O
the	O
transparent	O
concrete	B-OBJ
)	O
in	O
terms	O
of	O
cost	O
and	O
strength	B-ASPECT
.	O

while	O
compressive	O
strength	B-ASPECT
of	O
gfrc	O
can	O
be	O
quite	O
high	O
(	O
due	O
to	O
low	O
water	O
to	O
cement	B-OBJ
ratios	O
and	O
high	O
cement	B-OBJ
contents	O
),	O
it	O
is	O
the	O
very	O
high	O
flexural	O
and	O
tensile	O
strengths	O
that	O
make	O
it	O
superior	O
to	O
ordinary	O
concrete	B-OBJ
.	O

the	O
dried	O
material	O
is	O
useful	O
in	O
many	O
applications	O
where	O
cement	B-OBJ
is	O
used	O
and	O
has	O
fireproofing	O
and	O
strength	B-ASPECT
characteristics	O
superior	O
to	O
ordinary	O
concrete	B-OBJ
.	O

the	O
reason	O
for	O
the	O
low	O
price	B-ASPECT
is	O
that	O
concrete	B-OBJ
is	O
much	O
faster	O
to	O
install	O
than	O
say	O
,	O
natural	O
stone	B-OBJ
pavers	O
.	O

when	O
you	O
factor	O
in	O
the	O
embedded	O
energy	O
and	O
the	O
$	O
500	O
/	O
ton	O
price	B-ASPECT
tag	O
,	O
i	O
'	O
m	O
not	O
sure	O
connecticut	O
blue	O
is	O
all	O
that	O
much	O
better	O
than	O
just	O
using	O
recycled	O
concrete	B-OBJ
/	O
urbanite	O
for	O
a	O
patio	O
,	O
but	O
there	O
'	O
s	O
no	O
question	O
the	O
stacked	O
flagstone	O
makes	O
a	O
much	O
nicer	O
step	O
.	O

concrete	B-OBJ
is	O
probably	O
the	O
cheapest	O
way	O
to	O
get	O
the	O
look	O
of	O
stone	B-OBJ
for	O
the	O
price	B-ASPECT
of	O
ceramics	O
.	O

while	O
the	O
initial	O
price	B-ASPECT
of	O
stamped	O
concrete	B-OBJ
exceeds	O
that	O
for	O
asphalt	O
of	O
plain	O
concrete	B-OBJ
,	O
it	O
is	O
much	O
more	O
competitive	O
than	O
installing	O
natural	O
stone	B-OBJ
,	O
brick	O
,	O
or	O
precast	O
pavers	O
.	O

"	O
you	O
don	O
'	O
t	O
have	O
to	O
actually	O
pay	O
the	O
price	B-ASPECT
of	O
natural	O
stone	B-OBJ
but	O
you	O
can	O
get	O
the	O
look	O
of	O
real	O
stone	B-OBJ
with	O
a	O
man	O
-	O
made	O
concrete	B-OBJ
product	O
,"	O
she	O
said	O
.	O

at	O
present	O
,	O
the	O
tower	O
is	O
of	O
reinforced	O
concrete	B-OBJ
structure	B-ASPECT
instead	O
of	O
timber	B-OBJ
frame	O
.	O

an	O
existing	O
timber	B-OBJ
structure	B-ASPECT
was	O
moved	O
to	O
the	O
site	O
and	O
placed	O
on	O
in	O
-	O
situ	O
concrete	B-OBJ
walls	O
.	O

same	O
reasons	O
why	O
google	B-OBJ
storage	B-ASPECT
is	O
okay	O
but	O
google	B-OBJ
prediction	O
api	B-ASPECT
gets	O
slower	O
liftoff	O
than	O
amazon	B-OBJ
console	O
(	O
now	O
with	O
free	O
instances	O
)	O
-	O
though	O
the	O
r	O
interface	O
to	O
prediction	O
api	B-ASPECT
sure	O
helps	O
.	O

now	O
i	O
'	O
m	O
uploading	O
to	O
amazon	B-OBJ
because	O
of	O
the	O
unlimited	O
storage	B-ASPECT
and	O
the	O
app	O
is	O
working	O
much	O
better	O
than	O
the	O
google	B-OBJ
music	O
app	O
currently	O
is	O
.	O

based	O
on	O
info	O
i	O
'	O
ve	O
seen	O
several	O
people	O
skipped	O
play	O
in	O
favor	O
of	O
amazon	B-OBJ
because	O
it	O
was	O
much	O
quicker	O
for	O
delivery	B-ASPECT
(	O
that	O
,	O
and	O
they	O
'	O
ve	O
handled	O
massive	O
volumes	O
of	O
sales	B-ASPECT
much	O
better	O
than	O
google	B-OBJ
has	O
in	O
the	O
past	O
).	O

why	O
amazon	B-OBJ
still	O
wins	O
amazon	B-OBJ
has	O
two	O
superior	O
delivery	B-ASPECT
services	O
google	B-OBJ
and	O
b	O
&	O
n	O
can	O
'	O
t	O
match	O
.	O

for	O
google	B-OBJ
,	O
the	O
arrangement	O
is	O
just	O
another	O
step	O
toward	O
building	O
a	O
list	O
of	O
retail	O
partners	O
that	O
allow	O
it	O
to	O
offer	O
a	O
comparable	O
,	O
if	O
not	O
better	O
,	O
collection	O
of	O
products	O
for	O
same	O
-	O
day	O
delivery	B-ASPECT
than	O
amazon	B-OBJ
.	O

amazon	B-OBJ
has	O
better	O
operating	O
growth	O
than	O
google	B-OBJ
,	O
and	O
it	O
'	O
s	O
beating	O
ebay	O
in	O
sales	B-ASPECT
volume	O
and	O
customer	O
acquisition	O
.	O

in	O
some	O
ways	O
,	O
amazon	B-OBJ
is	O
better	O
suited	O
to	O
be	O
a	O
true	O
tablet	O
competitor	O
than	O
google	B-OBJ
,	O
and	O
the	O
subsidized	O
price	O
point	O
is	O
obviously	O
an	O
advantage	O
they	O
'	O
ll	O
have	O
in	O
terms	O
of	O
sales	B-ASPECT
.	O

if	O
you	O
'	O
re	O
disappointed	O
that	O
i	O
didn	O
'	O
t	O
review	O
the	O
gameplay	O
then	O
it	O
'	O
s	O
only	O
because	O
i	O
can	O
'	O
t	O
compete	O
with	O
youtube	B-OBJ
videos	B-ASPECT
,	O
which	O
will	O
give	O
you	O
a	O
better	O
idea	O
about	O
gameplay	O
mechanics	O
than	O
all	O
amazon	B-OBJ
reviews	O
combined	O
.	O

it	O
'	O
s	O
because	O
the	O
kingston	B-OBJ
ram	B-ASPECT
is	O
faster	O
than	O
stock	O
and	O
the	O
integrated	O
intel	B-OBJ
gpu	B-ASPECT
uses	O
the	O
system	O
ram	B-ASPECT
.	O

and	O
though	O
microsoft	B-OBJ
azure	O
had	O
a	O
slightly	O
faster	O
average	O
ping	O
time	O
than	O
amazon	B-OBJ
s3	O
(	O
likely	O
because	O
amazon	B-OBJ
s3	O
is	O
much	O
more	O
heavily	O
used	O
than	O
microsoft	B-OBJ
azure	O
),	O
amazon	B-OBJ
nevertheless	O
had	O
the	O
lowest	O
variability	B-ASPECT
.	O

i	O
bought	O
my	O
subsription	O
on	O
amazon	B-OBJ
because	O
it	O
was	O
a	O
better	O
deal	B-ASPECT
than	O
the	O
standard	O
$	O
60	O
microsoft	B-OBJ
or	O
eb	O
charge	O
.	O

the	O
remaining	O
big	O
three	O
labels	O
are	O
busy	O
watching	O
amazon	B-OBJ
sales	B-ASPECT
like	O
a	O
hawk	O
,	O
and	O
will	O
eventually	O
fold	O
to	O
sales	B-ASPECT
pressure	O
if	O
it	O
doesn	O
'	O
t	O
grow	O
at	O
a	O
faster	O
rate	O
than	O
itunes	B-OBJ
sales	B-ASPECT
and	O
doesn	O
'	O
t	O
amount	O
to	O
anywhere	O
near	O
the	O
volume	O
to	O
make	O
for	O
an	O
effective	O
bargaining	O
chip	O
.	O

the	O
amazon	B-OBJ
vod	O
picture	O
quality	B-ASPECT
was	O
superior	O
on	O
my	O
system	O
with	O
better	O
color	O
,	O
contrast	O
and	O
deeper	O
blacks	O
,	O
the	O
itunes	B-OBJ
version	O
appeared	O
somewhat	O
washed	O
out	O
in	O
comparison	O
.	O

don	O
'	O
t	O
know	O
how	O
long	O
but	O
amazon	B-OBJ
is	O
way	O
better	O
than	O
itunes	B-OBJ
because	O
they	O
have	O
first	O
day	O
sales	B-ASPECT
.	O

from	O
observation	O
,	O
i	O
think	O
that	O
for	O
idol	O
alums	O
,	O
amazon	B-OBJ
is	O
generally	O
a	O
reasonable	O
indicator	O
of	O
how	O
the	O
sales	B-ASPECT
are	O
going	O
,	O
much	O
better	O
than	O
itunes	B-OBJ
.	O

their	O
first	O
phone	O
has	O
a	O
solid	O
competitor	O
to	O
itunes	B-OBJ
shipping	O
with	O
the	O
unit	O
,	O
and	O
you	O
can	O
'	O
t	O
ask	O
for	O
a	O
better	O
partner	O
than	O
amazon	B-OBJ
when	O
it	O
comes	O
to	O
online	O
sales	B-ASPECT
.	O

also	O
,	O
amazon	B-OBJ
sales	B-ASPECT
are	O
so	O
much	O
smaller	O
than	O
itunes	B-OBJ
.	O

and	O
for	O
the	O
record	O
,	O
itunes	B-OBJ
isn	O
'	O
t	O
any	O
better	O
than	O
amazon	B-OBJ
quality	B-ASPECT
wise	O
.	O

amazon	B-OBJ
has	O
better	O
deals	O
,	O
and	O
their	O
mp3	O
downloads	O
are	O
usually	O
cheaper	O
and	O
the	O
sound	O
quality	B-ASPECT
is	O
also	O
better	O
than	O
itunes	B-OBJ
.	O

napster	O
faces	O
tough	O
competition	O
as	O
amazon	B-OBJ
is	O
already	O
offering	O
better	O
-	O
than	O
-	O
itunes	B-OBJ
quality	B-ASPECT
for	O
less	O
-	O
than	O
-	O
itunes	B-OBJ
prices	O
without	O
the	O
proprietary	O
drm	O
(	O
digital	O
rights	O
management	O
)	O
software	O
.	O

i	O
am	O
surprised	O
because	O
amazon	B-OBJ
mp3	O
'	O
s	O
are	O
usually	O
vastly	O
better	O
in	O
quality	B-ASPECT
than	O
those	O
available	O
on	O
itunes	B-OBJ
.	O

partly	O
because	O
i	O
like	O
apple	O
'	O
s	O
choice	O
of	O
file	O
format	O
-	O
aac	B-ASPECT
is	O
much	O
more	O
modern	O
than	O
mp3	O
,	O
and	O
theoretically	O
an	O
aac	B-ASPECT
file	O
at	O
256kbps	O
(	O
from	O
itunes	B-OBJ
plus	O
)	O
sounds	O
better	O
than	O
an	O
mp3	O
file	O
at	O
256kbps	O
(	O
from	O
amazon	B-OBJ
).	O

itunes	B-OBJ
aac	B-ASPECT
(	O
256	O
)	O
is	O
better	O
than	O
amazon	B-OBJ
mp3	O
(	O
256	O
)	O
.	O

you	O
have	O
itunes	B-OBJ
with	O
the	O
aac	B-ASPECT
format	O
,	O
and	O
then	O
mp3	O
for	O
pretty	O
much	O
everyone	O
else	O
(	O
amazon	B-OBJ
,	O
etc	O
.).	O

digital	O
distribution	O
is	O
largely	O
files	O
(	O
mp3	O
and	O
aac	B-ASPECT
)	O
sold	O
via	O
itunes	B-OBJ
and	O
to	O
a	O
lesser	O
extent	O
amazon	B-OBJ
and	O
a	O
few	O
others	O
.	O

camera	O
lens	O
:	O
the	O
google	B-OBJ
nexus	O
5	O
features	O
better	O
lens	O
than	O
sony	B-OBJ
xperia	O
z1	O
,	O
hence	O
you	O
get	O
bright	O
lens	O
with	O
google	B-OBJ
nexus	O
5	O
,	O
you	O
get	O
cleaner	O
images	B-ASPECT
at	O
low	O
-	O
light	O
condition	O
,	O
better	O
color	O
and	O
contrast	O
reproduction	O
.	O

the	O
google	B-OBJ
books	O
implementation	O
will	O
still	O
be	O
superior	O
,	O
because	O
it	O
will	O
offer	O
both	O
the	O
ascii	B-ASPECT
text	O
and	O
the	O
backup	B-ASPECT
page	O
images	B-ASPECT
,	O
which	O
are	O
presumably	O
not	O
in	O
the	O
sony	B-OBJ
versions	O
.	O

sensor	O
size	O
:	O
the	O
sensor	O
size	O
of	O
sony	B-OBJ
xperia	O
z1	O
is	O
better	O
,	O
hence	O
you	O
get	O
broad	O
dynamic	O
range	O
with	O
low	O
noise	O
and	O
more	O
details	O
in	O
your	O
images	B-ASPECT
compared	O
to	O
google	B-OBJ
nexus	O
5	O
.	O

you	O
can	O
download	O
a	O
theme	O
creator	O
from	O
the	O
sony	B-OBJ
ericsson	O
web	O
site	O
for	O
free	O
then	O
use	O
photoshop	O
or	O
whatever	O
to	O
create	O
all	O
the	O
images	B-ASPECT
,	O
i	O
can	O
'	O
t	O
find	O
the	O
link	O
but	O
a	O
search	O
around	O
the	O
offical	O
sony	B-OBJ
ericsson	O
web	O
site	O
or	O
google	B-OBJ
will	O
find	O
it	O
im	O
sure	O
.	O

android	O
phone	O
back	O
ups	O
also	O
rely	O
on	O
the	O
manufacturer	O
,	O
sony	B-OBJ
have	O
pc	O
companion	O
which	O
allows	O
me	O
to	O
do	O
a	O
full	O
backup	B-ASPECT
of	O
my	O
phone	O
as	O
well	O
as	O
updates	O
and	O
adding	O
such	O
as	O
music	O
,	O
videos	O
and	O
the	O
like	O
,	O
i	O
know	O
samsung	O
also	O
offer	O
a	O
very	O
similar	O
service	O
through	O
kies	O
..	O
and	O
like	O
chronopc	O
states	O
,	O
google	B-OBJ
also	O
offer	O
backups	O
through	O
calender	O
and	O
gmail	O
,	O
so	O
while	O
this	O
is	O
not	O
all	O
intergrated	O
into	O
one	O
app	O
,	O
you	O
cant	O
claim	O
that	O
android	O
has	O
no	O
methods	O
of	O
backing	O
up	O
...	O

in	O
the	O
interest	O
of	O
getting	O
deals	B-ASPECT
in	O
place	O
,	O
amazon	B-OBJ
is	O
also	O
reportedly	O
willing	O
to	O
consider	O
cutting	O
these	O
providers	O
a	O
better	O
deal	O
than	O
they	O
get	O
for	O
providing	O
content	O
on	O
apple	B-OBJ
'	O
s	O
ipad	O
.	O

amazon	B-OBJ
:	O
the	O
runner	O
up	O
and	O
only	O
because	O
of	O
its	O
smaller	O
app	O
selection	O
,	O
in	O
fact	O
,	O
you	O
can	O
usually	O
get	O
better	O
deals	B-ASPECT
on	O
music	O
and	O
video	O
from	O
amazon	B-OBJ
than	O
you	O
can	O
get	O
from	O
apple	B-OBJ
.	O

even	O
though	O
i	O
'	O
m	O
a	O
mac	O
/	O
itunes	O
user	O
,	O
currently	O
amazon	B-OBJ
gets	O
the	O
bulk	O
of	O
my	O
digital	O
music	O
money	O
,	O
because	O
they	O
offer	O
better	O
deals	B-ASPECT
than	O
apple	B-OBJ
and	O
have	O
made	O
the	O
download	O
to	O
itunes	O
process	O
pretty	O
painless	O
.	O

the	O
wall	O
street	O
journal	O
reported	O
on	O
monday	O
that	O
amazon	B-OBJ
has	O
begun	O
negotiations	O
with	O
magazine	O
publishers	O
on	O
subscription	O
deals	B-ASPECT
for	O
its	O
tablet	O
-	O
in	O
-	O
the	O
-	O
making	O
and	O
the	O
company	O
is	O
apparently	O
ready	O
to	O
cut	O
them	O
a	O
better	O
deal	O
than	O
apple	B-OBJ
.	O

besides	O
,	O
amazon	B-OBJ
has	O
better	O
deals	B-ASPECT
on	O
music	O
then	O
apple	B-OBJ
itunes	O
anyway	O
.	O

watching	O
it	O
on	O
amazon	B-OBJ
is	O
so	O
much	O
better	O
than	O
on	O
tv	O
or	O
even	O
hulu	B-OBJ
because	O
there	O
are	O
no	O
commercials	O
,	O
the	O
cost	B-ASPECT
is	O
nominal	O
,	O
and	O
the	O
quality	B-ASPECT
is	O
excellent	O
.	O

the	O
cost	B-ASPECT
of	O
amazon	B-OBJ
prime	O
instant	O
video	O
is	O
a	O
bit	O
different	O
than	O
netflix	O
or	O
hulu	B-OBJ
,	O
priced	O
at	O
$	O
99	O
per	O
year	O
,	O
which	O
is	O
essentially	O
$	O
8	O
.	O
25	O
per	O
month	O
.	O

i	O
liked	O
the	O
image	O
quality	B-ASPECT
and	O
selection	O
of	O
hulu	B-OBJ
more	O
so	O
than	O
netflix	O
and	O
much	O
more	O
so	O
than	O
amazon	B-OBJ
video	O
.	O

amazon	B-OBJ
fire	O
tv	O
is	O
an	O
external	O
media	O
player	O
which	O
allows	O
you	O
to	O
watch	O
hd	O
quality	B-ASPECT
movies	O
in	O
netflix	O
,	O
amazon	B-OBJ
video	O
,	O
hulu	B-OBJ
and	O
allows	O
you	O
to	O
use	O
app	O
on	O
your	O
tv	O
.	O

there	O
are	O
numerous	O
ways	O
to	O
watch	O
tv	O
and	O
movies	O
on	O
your	O
ipad	O
-	O
youtube	O
,	O
amazon	B-OBJ
instant	O
video	O
,	O
netflix	O
-	O
but	O
if	O
you	O
want	O
professional	O
quality	B-ASPECT
tv	O
,	O
there	O
'	O
s	O
no	O
better	O
option	O
than	O
hulu	B-OBJ
(	O
the	O
hulu	B-OBJ
plus	O
moniker	O
has	O
been	O
retired	O
).	O

because	O
of	O
this	O
,	O
intel	B-OBJ
apps	B-ASPECT
will	O
run	O
4x	O
faster	O
than	O
other	O
apps	B-ASPECT
,	O
productivity	O
apps	B-ASPECT
will	O
run	O
up	O
to	O
3x	O
faster	O
and	O
google	B-OBJ
apps	B-ASPECT
like	O
hangouts	O
,	O
docs	O
and	O
web	O
browsing	O
will	O
also	O
run	O
better	O
.	O

powered	O
by	O
a	O
dualcore	O
intel	B-OBJ
celeron	O
847	O
processor	O
with	O
intel	B-OBJ
hd	O
graphics	O
it	O
'	O
s	O
more	O
than	O
suitable	O
to	O
handle	O
general	O
web	O
browsing	O
,	O
running	O
apps	B-ASPECT
like	O
google	B-OBJ
drive	O
and	O
playing	O
browser	O
-	O
based	O
games	O
.	O

